股票代码,股票简称,个股热度排名,个股热度排名排名,个股热度,涨跌幅:前复权_0,涨跌幅:前复权_1,涨跌幅:前复权_2,涨跌幅:前复权_3,开盘价:前复权_0,开盘价:前复权_1,开盘价:前复权_2,开盘价:前复权_3,最低价:前复权_0,最低价:前复权_1,最低价:前复权_2,最低价:前复权_3,最高价:前复权_0,最高价:前复权_1,最高价:前复权_2,最高价:前复权_3,n+4天涨跌幅日期,n+2天热度排名日期,查询条件
002600.SZ,领益智造,26,26/5360,10660061.0,-9.98766954,9.04109589,9.95850622,-1.00628931,7.78,7.2,7.05,7.96,7.3,7.16,6.97,7.76,7.79,8.03,7.95,8.19,20241015,20241010,20241009下跌 20241010上涨 20241010热度排名前50 20241014上涨 20241015涨幅 主板 非ST
601318.SH,中国平安,31,31/5360,9779874.5,-9.76834602,5.02692998,1.96385123,-2.52258394,59.07,55.7,57.46,57.65,54.72,55.38,56.62,56.16,59.07,59.66,58.31,58.35,20241015,20241010,20241009下跌 20241010上涨 20241010热度排名前50 20241014上涨 20241015涨幅 主板 非ST
000617.SZ,中油资本,40,40/5360,7890455.0,-9.98766954,5.47945205,10.03541913,-8.0472103,7.95,7.31,9.0,8.43,7.3,6.81,8.68,8.4,8.11,8.03,9.32,9.65,20241015,20241010,20241009下跌 20241010上涨 20241010热度排名前50 20241014上涨 20241015涨幅 主板 非ST
000858.SZ,五粮液,47,47/5360,7253382.0,-9.97866504,2.91170098,0.07350484,-3.84615385,160.0,147.67,151.0,150.0,147.66,147.67,146.01,144.0,160.0,155.53,151.0,150.1,20241015,20241010,20241009下跌 20241010上涨 20241010热度排名前50 20241014上涨 20241015涨幅 主板 非ST
600150.SH,中国船舶,56,56/5360,6270811.0,-7.27482679,4.93150685,0.49407115,-3.07276303,42.5,40.6,40.69,40.28,40.07,40.42,40.03,39.31,43.16,44.1,41.58,40.39,20241015,20241010,20241009下跌 20241010上涨 20241010热度排名前50 20241014上涨 20241015涨幅 主板 非ST
002466.SZ,天齐锂业,59,59/5360,6214448.5,-8.57438017,2.48587571,1.37683328,-3.01151461,38.0,35.42,33.33,33.76,35.22,34.73,32.58,32.82,39.95,37.47,33.94,34.19,20241015,20241010,20241009下跌 20241010上涨 20241010热度排名前50 20241014上涨 20241015涨幅 主板 非ST
600900.SH,长江电力,61,61/5360,6005155.5,-2.29295003,2.20665499,0.47928792,-1.60136286,28.98,28.6,29.22,29.3,28.22,28.59,29.1,28.88,29.39,29.83,29.55,29.39,20241015,20241010,20241009下跌 20241010上涨 20241010热度排名前50 20241014上涨 20241015涨幅 主板 非ST
002594.SZ,比亚迪,63,63/5360,6001358.5,-6.62532836,3.33671366,2.31628062,-2.93159609,315.0,310.0,300.99,305.5,300.5,309.98,300.2,298.0,320.71,322.0,309.98,308.38,20241015,20241010,20241009下跌 20241010上涨 20241010热度排名前50 20241014上涨 20241015涨幅 主板 非ST
601398.SH,工商银行,67,67/5360,5722406.0,-1.30718954,3.80794702,3.18979266,-3.24574961,6.06,6.05,6.32,6.43,5.98,6.04,6.32,6.26,6.17,6.4,6.5,6.45,20241015,20241010,20241009下跌 20241010上涨 20241010热度排名前50 20241014上涨 20241015涨幅 主板 非ST
002714.SZ,牧原股份,70,70/5360,5606916.0,-6.89578714,3.57227911,2.38883633,-2.84130284,44.5,44.4,42.4,43.2,41.83,43.37,42.15,42.01,44.5,45.44,43.56,43.57,20241015,20241010,20241009下跌 20241010上涨 20241010热度排名前50 20241014上涨 20241015涨幅 主板 非ST
601868.SH,中国能建,80,80/5360,5230765.5,-8.16326531,8.88888889,1.73160173,-0.42553191,2.42,2.27,2.33,2.37,2.23,2.25,2.3,2.33,2.42,2.48,2.38,2.43,20241015,20241010,20241009下跌 20241010上涨 20241010热度排名前50 20241014上涨 20241015涨幅 主板 非ST
601800.SH,中国交建,85,85/5360,5116027.5,-10.00971817,10.04319654,2.0952381,-5.97014925,9.96,9.26,10.4,10.4,9.26,9.24,10.25,10.07,9.96,10.19,11.2,10.69,20241015,20241010,20241009下跌 20241010上涨 20241010热度排名前50 20241014上涨 20241015涨幅 主板 非ST
601766.SH,中国中车,92,92/5360,4915783.0,-7.55813953,7.04402516,2.72952854,-1.8115942,8.6,7.95,8.07,8.28,7.93,7.94,8.07,8.11,8.6,8.75,8.34,8.35,20241015,20241010,20241009下跌 20241010上涨 20241010热度排名前50 20241014上涨 20241015涨幅 主板 非ST
601668.SH,中国建筑,96,96/5360,4777065.5,-9.23317684,8.62068966,5.12396694,-2.04402516,6.33,5.83,6.18,6.33,5.8,5.82,6.18,6.22,6.35,6.38,6.47,6.5,20241015,20241010,20241009下跌 20241010上涨 20241010热度排名前50 20241014上涨 20241015涨幅 主板 非ST
601390.SH,中国中铁,97,97/5360,4726795.0,-9.03790087,9.93589744,1.82094082,-2.68256334,6.77,6.3,6.68,6.62,6.23,6.3,6.6,6.5,6.77,6.86,6.89,6.8,20241015,20241010,20241009下跌 20241010上涨 20241010热度排名前50 20241014上涨 20241015涨幅 主板 非ST
000628.SZ,高新发展,105,105/5360,4494247.0,-0.36744442,1.10639867,10.01013171,10.00184196,52.91,53.61,48.32,57.54,51.6,51.37,47.63,57.54,58.76,58.0,54.29,59.72,20241015,20241010,20241009下跌 20241010上涨 20241010热度排名前50 20241014上涨 20241015涨幅 主板 非ST
601989.SH,中国重工,106,106/5360,4475393.5,-7.85340314,5.87121212,0.56074766,-3.1598513,5.56,5.35,5.41,5.33,5.26,5.29,5.31,5.2,5.64,5.8,5.49,5.34,20241015,20241010,20241009下跌 20241010上涨 20241010热度排名前50 20241014上涨 20241015涨幅 主板 非ST
601985.SH,中国核电,115,115/5360,4325778.5,-6.17059891,5.41586074,0.65666041,-2.7027027,10.95,10.4,10.66,10.7,10.33,10.4,10.58,10.43,10.95,11.15,10.86,10.78,20241015,20241010,20241009下跌 20241010上涨 20241010热度排名前50 20241014上涨 20241015涨幅 主板 非ST
601669.SH,中国电建,123,123/5360,4090311.0,-9.68280467,8.31792976,1.62454874,-1.77619893,5.8,5.42,5.65,5.59,5.4,5.42,5.57,5.51,5.8,5.95,5.75,5.72,20241015,20241010,20241009下跌 20241010上涨 20241010热度排名前50 20241014上涨 20241015涨幅 主板 非ST
002241.SZ,歌尔股份,125,125/5360,4076575.0,-9.40695297,3.74717833,2.48531405,-2.99823633,23.68,22.18,22.15,22.69,22.15,22.18,21.98,22.0,23.68,23.75,22.81,22.84,20241015,20241010,20241009下跌 20241010上涨 20241010热度排名前50 20241014上涨 20241015涨幅 主板 非ST
601899.SH,紫金矿业,128,128/5360,4017525.0,-5.73496659,2.48080331,2.49419954,-3.05602716,17.7,17.0,17.36,17.5,16.9,16.85,17.08,17.13,17.77,17.98,17.77,17.51,20241015,20241010,20241009下跌 20241010上涨 20241010热度排名前50 20241014上涨 20241015涨幅 主板 非ST
601186.SH,中国铁建,132,132/5360,3914735.5,-8.41219769,9.98851894,3.00107181,-3.95421436,9.35,8.74,9.37,9.41,8.71,8.74,9.37,9.22,9.35,9.58,10.09,9.77,20241015,20241010,20241009下跌 20241010上涨 20241010热度排名前50 20241014上涨 20241015涨幅 主板 非ST
601919.SH,中远海控,134,134/5360,3868788.0,-9.75316075,4.42294402,0.95108696,-2.28802153,15.83,14.88,14.77,14.76,14.44,14.68,14.72,14.52,15.83,15.49,15.02,14.89,20241015,20241010,20241009下跌 20241010上涨 20241010热度排名前50 20241014上涨 20241015涨幅 主板 非ST
601857.SH,中国石油,135,135/5360,3843589.0,-9.52890792,3.43195266,0.57471264,-3.65714286,9.1,8.47,8.7,8.58,8.45,8.47,8.62,8.42,9.13,9.01,8.84,8.61,20241015,20241010,20241009下跌 20241010上涨 20241010热度排名前50 20241014上涨 20241015涨幅 主板 非ST
600072.SH,中船科技,138,138/5360,3687974.0,-10.01317523,7.02781845,2.04678363,-1.21776504,14.79,13.53,13.83,13.78,13.66,13.21,13.61,13.58,14.79,14.83,14.18,14.21,20241015,20241010,20241009下跌 20241010上涨 20241010热度排名前50 20241014上涨 20241015涨幅 主板 非ST
600036.SH,招商银行,142,142/5360,3617040.5,-7.475,4.6473926,2.34192037,-2.11034833,39.7,37.4,39.01,39.17,37.01,37.4,38.69,38.5,39.72,39.5,39.8,39.99,20241015,20241010,20241009下跌 20241010上涨 20241010热度排名前50 20241014上涨 20241015涨幅 主板 非ST
600887.SH,伊利股份,148,148/5360,3543093.5,-8.39088398,4.10855635,0.03656307,-3.14327485,28.5,26.6,27.32,27.2,26.53,26.6,26.61,26.5,28.5,28.48,27.49,27.34,20241015,20241010,20241009下跌 20241010上涨 20241010热度排名前50 20241014上涨 20241015涨幅 主板 非ST
002261.SZ,拓维信息,9,9/5360,22362790.5,-5.0,10.01053741,0.2394636,0.47778309,20.5,18.6,20.78,20.0,18.0,17.68,19.98,,21.68,20.88,22.81,22.0,20241016,20241014,20241010下跌 20241014上涨 20241014热度排名前50 20241015上涨 20241016涨幅 主板 非ST
002583.SZ,海能达,14,14/5360,18629090.5,-6.07187113,5.03597122,10.0456621,9.95850622,8.6,9.17,8.9,9.45,7.26,7.6,8.9,,8.85,9.17,9.64,10.6,20241016,20241014,20241010下跌 20241014上涨 20241014热度排名前50 20241015上涨 20241016涨幅 主板 非ST
002693.SZ,双成药业,28,28/5360,10125875.5,-10.0,9.97506234,9.97732426,10.0,21.78,15.4,18.88,20.3,17.82,15.4,18.19,,21.78,17.64,19.4,21.34,20241016,20241014,20241010下跌 20241014上涨 20241014热度排名前50 20241015上涨 20241016涨幅 主板 非ST
600550.SH,保变电气,29,29/5360,9975738.5,-8.875129,9.97782705,4.03225806,5.23255814,9.44,8.96,9.83,10.19,8.78,8.91,9.6,,9.79,9.92,10.9,11.25,20241016,20241014,20241010下跌 20241014上涨 20241014热度排名前50 20241015上涨 20241016涨幅 主板 非ST
002786.SZ,银宝山新,36,36/5360,8654079.0,-1.18443316,10.03787879,3.01204819,-2.67335004,11.85,11.62,11.77,11.11,11.0,11.25,11.64,,12.2,11.62,12.56,12.2,20241016,20241014,20241010下跌 20241014上涨 20241014热度排名前50 20241015上涨 20241016涨幅 主板 非ST
002130.SZ,沃尔核材,43,43/5360,7501124.0,-5.13149455,10.03508772,8.92857143,-6.79156909,15.98,14.35,16.75,16.4,14.5,14.12,16.72,,15.99,15.68,17.25,16.54,20241016,20241014,20241010下跌 20241014上涨 20241014热度排名前50 20241015上涨 20241016涨幅 主板 非ST
600622.SH,光大嘉宝,44,44/5360,7268866.5,-5.46875,10.15037594,9.89761092,9.9378882,2.55,2.93,3.22,3.25,2.3,2.93,3.22,,2.62,2.93,3.22,3.54,20241016,20241014,20241010下跌 20241014上涨 20241014热度排名前50 20241015上涨 20241016涨幅 主板 非ST
002457.SZ,青龙管业,46,46/5360,7097523.0,-4.07279029,9.97442455,10.0,10.00704722,12.4,11.73,12.89,14.42,11.01,11.4,12.52,,12.69,12.9,14.19,15.61,20241016,20241014,20241010下跌 20241014上涨 20241014热度排名前50 20241015上涨 20241016涨幅 主板 非ST
002640.SZ,跨境通,62,62/5360,6120140.5,-8.30188679,10.07751938,9.85915493,0.32051282,2.47,2.66,2.84,3.12,2.4,2.51,2.75,,2.66,2.84,3.12,3.37,20241016,20241014,20241010下跌 20241014上涨 20241014热度排名前50 20241015上涨 20241016涨幅 主板 非ST
002987.SZ,京北方,64,64/5360,5797628.0,-6.23806493,2.77777778,0.24024024,-8.62792091,15.71,17.0,16.0,15.78,14.31,16.17,16.0,,15.9,17.78,17.97,15.88,20241016,20241014,20241010下跌 20241014上涨 20241014热度排名前50 20241015上涨 20241016涨幅 主板 非ST
600619.SH,海立股份,72,72/5360,5587983.0,-8.87174542,2.33333333,4.34310532,1.76899063,11.0,8.88,9.09,9.5,9.41,8.88,9.01,,11.41,9.53,9.86,10.23,20241016,20241014,20241010下跌 20241014上涨 20241014热度排名前50 20241015上涨 20241016涨幅 主板 非ST
000004.SZ,国华网安,73,73/5360,5577754.5,-6.56346749,10.0,1.20481928,-1.78571429,15.6,17.12,18.26,17.63,14.59,16.02,17.5,,16.0,18.26,20.0,19.24,20241016,20241014,20241010下跌 20241014上涨 20241014热度排名前50 20241015上涨 20241016涨幅 主板 非ST
600570.SH,恒生电子,77,77/5360,5343474.5,-8.02023121,6.67236955,2.56615878,0.0,28.0,23.52,24.45,24.84,25.0,22.49,24.25,,28.12,25.52,27.3,26.44,20241016,20241014,20241010下跌 20241014上涨 20241014热度排名前50 20241015上涨 20241016涨幅 主板 非ST
002085.SZ,万丰奥威,84,84/5360,4827937.0,-3.86178862,8.23970037,3.0449827,-2.14909335,14.76,13.47,14.1,14.53,13.85,13.29,13.85,,14.99,14.5,15.58,14.94,20241016,20241014,20241010下跌 20241014上涨 20241014热度排名前50 20241015上涨 20241016涨幅 主板 非ST
601933.SH,永辉超市,88,88/5360,4709978.0,-10.02785515,2.74914089,4.01337793,-3.8585209,3.42,2.85,2.95,3.01,3.23,2.83,2.92,,3.47,3.04,3.2,3.08,20241016,20241014,20241010下跌 20241014上涨 20241014热度排名前50 20241015上涨 20241016涨幅 主板 非ST
600657.SH,信达地产,91,91/5360,4623583.5,-4.28571429,10.12345679,10.0896861,9.9796334,4.05,4.46,4.7,4.87,3.78,4.46,4.6,,4.25,4.46,4.91,5.4,20241016,20241014,20241010下跌 20241014上涨 20241014热度排名前50 20241015上涨 20241016涨幅 主板 非ST
603038.SH,华立股份,92,92/5360,4606304.0,-2.70906949,10.0110011,10.0,10.0,8.35,9.64,10.76,12.1,8.12,9.36,10.16,,8.6,10.0,11.0,12.1,20241016,20241014,20241010下跌 20241014上涨 20241014热度排名前50 20241015上涨 20241016涨幅 主板 非ST
000977.SZ,浪潮信息,95,95/5360,4507341.5,-4.46759259,2.40506329,3.31273177,-2.10576693,43.5,39.62,42.29,40.7,40.56,38.8,41.71,,43.99,40.59,44.15,41.66,20241016,20241014,20241010下跌 20241014上涨 20241014热度排名前50 20241015上涨 20241016涨幅 主板 非ST
002094.SZ,青岛金王,97,97/5360,4378568.0,-0.37037037,10.13513514,10.12269939,-1.67130919,2.7,3.26,3.28,3.71,2.61,3.01,3.25,,2.78,3.26,3.59,3.95,20241016,20241014,20241010下跌 20241014上涨 20241014热度排名前50 20241015上涨 20241016涨幅 主板 非ST
002625.SZ,光启技术,130,130/5360,3595105.0,-4.81626828,4.34944238,8.65692911,-6.06557377,26.567,27.897,27.667,30.267,25.117,26.507,27.417,,28.267,28.247,30.647,30.937,20241016,20241014,20241010下跌 20241014上涨 20241014热度排名前50 20241015上涨 20241016涨幅 主板 非ST
001696.SZ,宗申动力,131,131/5360,3593989.0,-2.52263907,5.71221981,0.20519836,-0.9556314,15.4,13.9,14.27,14.25,14.5,13.64,13.96,,16.07,14.66,15.26,14.75,20241016,20241014,20241010下跌 20241014上涨 20241014热度排名前50 20241015上涨 20241016涨幅 主板 非ST
002512.SZ,达华智能,147,147/5360,3248484.5,-4.91452991,10.09615385,3.27510917,4.65116279,4.8,4.16,4.76,4.64,4.33,4.11,4.63,,4.83,4.58,4.91,5.04,20241016,20241014,20241010下跌 20241014上涨 20241014热度排名前50 20241015上涨 20241016涨幅 主板 非ST
603160.SH,汇顶科技,149,149/5360,3204774.5,-5.64593301,10.00403388,2.87250947,-4.47956274,83.0,74.43,82.97,81.01,76.15,73.38,82.0,,83.0,81.81,88.87,83.0,20241016,20241014,20241010下跌 20241014上涨 20241014热度排名前50 20241015上涨 20241016涨幅 主板 非ST
600203.SH,福日电子,150,150/5360,3190040.0,-4.875,10.0,9.97474747,9.98851894,7.8,7.21,8.5,8.86,7.4,7.2,8.27,,8.15,7.92,8.71,9.58,20241016,20241014,20241010下跌 20241014上涨 20241014热度排名前50 20241015上涨 20241016涨幅 主板 非ST
601162.SH,天风证券,4,4/5360,40606345.0,-0.23255814,3.4965035,3.82882883,-5.85683297,4.26,4.15,4.3,4.56,3.96,4.13,4.3,4.3,4.37,4.71,4.7,4.6,20241017,20241015,20241014下跌 20241015上涨 20241015热度排名前50 20241016上涨 20241017涨幅 主板 非ST
002537.SZ,海联金汇,119,119/5360,3834508.0,-3.19148936,5.96546311,10.07407407,-4.84522207,6.75,6.15,6.59,7.43,5.96,6.15,6.53,7.02,6.75,7.01,7.43,7.75,20241017,20241015,20241014下跌 20241015上涨 20241015热度排名前50 20241016上涨 20241017涨幅 主板 非ST
600839.SH,四川长虹,9,9/5360,23539951.0,-1.45631068,10.01642036,10.0,10.04070556,6.1,6.01,6.91,7.79,5.96,5.98,6.7,7.5,6.31,6.7,7.37,8.11,20241018,20241016,20241015下跌 20241016上涨 20241016热度排名前50 20241017上涨 20241018涨幅 主板 非ST
600837.SH,海通证券,14,14/5360,14550053.5,-7.27739726,7.57156048,8.15450644,6.2052506,11.05,10.73,11.56,12.56,10.8,10.69,11.43,12.15,11.46,11.88,12.79,13.83,20241018,20241016,20241015下跌 20241016上涨 20241016热度排名前50 20241017上涨 20241018涨幅 主板 非ST
000062.SZ,深圳华强,16,16/5360,13632696.5,-2.14285714,9.98847484,9.98952148,-1.61956177,26.5,25.3,30.58,31.87,25.99,25.29,30.0,29.24,27.71,28.63,31.49,33.0,20241018,20241016,20241015下跌 20241016上涨 20241016热度排名前50 20241017上涨 20241018涨幅 主板 非ST
600611.SH,大众交通,20,20/5360,12438046.0,-4.0942928,1.55239327,10.06369427,-0.5787037,7.81,7.52,7.72,8.56,7.69,7.37,7.72,8.3,8.14,8.0,8.64,8.95,20241018,20241016,20241015下跌 20241016上涨 20241016热度排名前50 20241017上涨 20241018涨幅 主板 非ST
601211.SH,国泰君安,29,29/5360,9570926.5,-5.31299316,3.22222222,3.22927879,5.68300313,17.85,17.55,18.43,18.75,17.57,17.55,18.07,18.26,18.43,19.41,19.93,20.95,20241018,20241016,20241015下跌 20241016上涨 20241016热度排名前50 20241017上涨 20241018涨幅 主板 非ST
600418.SH,江淮汽车,69,69/5360,5943017.0,-3.65437158,2.90677065,4.89149156,10.01642036,29.23,27.9,29.6,32.0,28.09,27.82,29.28,30.18,29.78,29.56,31.15,33.5,20241018,20241016,20241015下跌 20241016上涨 20241016热度排名前50 20241017上涨 20241018涨幅 主板 非ST
000810.SZ,创维数字,98,98/5360,4688346.0,-3.02457467,10.03898635,0.62001771,4.48943662,10.59,10.02,11.33,11.2,10.25,10.01,11.02,11.16,10.77,11.29,11.62,12.1,20241018,20241016,20241015下跌 20241016上涨 20241016热度排名前50 20241017上涨 20241018涨幅 主板 非ST
002272.SZ,川润股份,120,120/5360,4056411.5,-1.00334448,9.96621622,9.98463902,10.05586592,5.98,5.91,6.59,7.88,5.86,5.78,6.21,7.88,6.23,6.51,7.16,7.88,20241018,20241016,20241015下跌 20241016上涨 20241016热度排名前50 20241017上涨 20241018涨幅 主板 非ST
601005.SH,重庆钢铁,126,126/5360,3759526.0,-2.34375,10.4,0.72463768,-2.87769784,1.27,1.24,1.46,1.33,1.25,1.23,1.39,1.29,1.29,1.38,1.5,1.39,20241018,20241016,20241015下跌 20241016上涨 20241016热度排名前50 20241017上涨 20241018涨幅 主板 非ST
600101.SH,明星电力,129,129/5360,3627418.5,-3.44827586,9.97536946,5.71108623,-1.80084746,8.3,8.02,9.14,9.01,8.06,7.98,8.78,8.9,8.32,8.93,9.82,9.63,20241018,20241016,20241015下跌 20241016上涨 20241016热度排名前50 20241017上涨 20241018涨幅 主板 非ST
601107.SH,四川成渝,135,135/5360,3456846.0,-2.8957529,9.94035785,9.94575045,-3.45394737,5.2,5.05,5.92,5.75,4.95,5.05,5.66,5.55,5.2,5.53,6.08,5.95,20241018,20241016,20241015下跌 20241016上涨 20241016热度排名前50 20241017上涨 20241018涨幅 主板 非ST
600505.SH,西昌电力,145,145/5360,3270423.0,-1.62271805,10.0,0.18744142,-2.99345182,9.64,9.42,10.96,10.31,9.35,9.4,10.1,9.96,9.92,10.67,11.5,10.64,20241018,20241016,20241015下跌 20241016上涨 20241016热度排名前50 20241017上涨 20241018涨幅 主板 非ST
002456.SZ,欧菲光,14,14/5363,20189447.5,-1.92113246,10.0,10.02811621,9.96592845,9.58,9.8,11.2,12.59,9.58,9.76,11.13,12.45,9.96,10.67,11.74,12.91,20241021,20241017,20241016下跌 20241017上涨 20241017热度排名前50 20241018上涨 20241021涨幅 主板 非ST
000617.SZ,中油资本,20,20/5363,15626427.0,-9.33488915,3.98970399,0.37128713,9.98766954,8.01,7.77,8.01,8.3,7.72,7.6,7.65,8.08,8.59,8.13,8.49,8.92,20241021,20241017,20241016下跌 20241017上涨 20241017热度排名前50 20241018上涨 20241021涨幅 主板 非ST
603019.SH,中科曙光,24,24/5363,13714457.0,-4.25864427,6.14160375,6.1514802,2.08257878,48.99,50.7,51.5,56.5,48.66,50.26,51.35,56.16,50.26,53.85,56.88,59.11,20241021,20241017,20241016下跌 20241017上涨 20241017热度排名前50 20241018上涨 20241021涨幅 主板 非ST
002130.SZ,沃尔核材,35,35/5363,10562835.0,-6.79156909,9.1080402,7.88716177,1.38740662,16.4,16.01,17.54,18.69,15.76,15.95,17.54,17.96,16.54,17.51,19.11,19.85,20241021,20241017,20241016下跌 20241017上涨 20241017热度排名前50 20241018上涨 20241021涨幅 主板 非ST
001696.SZ,宗申动力,39,39/5363,9753992.0,-0.9556314,7.64989662,9.9871959,10.01164144,14.25,14.6,15.3,18.32,14.02,14.56,15.05,18.06,14.75,15.96,17.18,18.9,20241021,20241017,20241016下跌 20241017上涨 20241017热度排名前50 20241018上涨 20241021涨幅 主板 非ST
002607.SZ,中公教育,47,47/5363,8117898.0,-2.10526316,4.30107527,0.68728522,5.11945392,2.76,2.8,2.83,2.91,2.75,2.78,2.75,2.89,2.89,3.03,3.0,3.14,20241021,20241017,20241016下跌 20241017上涨 20241017热度排名前50 20241018上涨 20241021涨幅 主板 非ST
002625.SZ,光启技术,49,49/5363,8107200.0,-6.06557377,9.9929627,7.16570697,10.0,30.267,29.1,32.51,35.83,27.567,28.51,31.02,35.18,30.937,31.26,34.25,36.85,20241021,20241017,20241016下跌 20241017上涨 20241017热度排名前50 20241018上涨 20241021涨幅 主板 非ST
002094.SZ,青岛金王,50,50/5363,8056240.5,-1.67130919,9.91501416,2.83505155,10.02506266,3.71,3.25,3.9,3.88,3.5,3.25,3.73,3.88,3.95,3.88,4.24,4.39,20241021,20241017,20241016下跌 20241017上涨 20241017热度排名前50 20241018上涨 20241021涨幅 主板 非ST
002600.SZ,领益智造,54,54/5363,7583346.5,-2.41423126,5.078125,4.58488228,0.35545024,7.66,7.67,7.91,8.5,7.55,7.65,7.84,8.19,8.12,8.3,8.88,8.8,20241021,20241017,20241016下跌 20241017上涨 20241017热度排名前50 20241018上涨 20241021涨幅 主板 非ST
002405.SZ,四维图新,61,61/5363,6690017.0,-1.34529148,2.27272727,8.55555556,1.53531218,8.72,9.15,8.81,9.88,8.68,8.98,8.72,9.7,8.99,9.38,9.9,10.1,20241021,20241017,20241016下跌 20241017上涨 20241017热度排名前50 20241018上涨 20241021涨幅 主板 非ST
000066.SZ,中国长城,62,62/5363,6659841.0,-1.144641,10.0,1.9138756,3.4741784,9.48,10.45,11.0,10.52,9.38,10.45,9.99,10.52,9.64,10.45,11.0,11.38,20241021,20241017,20241016下跌 20241017上涨 20241017热度排名前50 20241018上涨 20241021涨幅 主板 非ST
000977.SZ,浪潮信息,63,63/5363,6612483.0,-2.10576693,1.75996089,4.25174153,0.50691244,40.7,41.45,41.63,43.82,40.58,41.18,41.31,43.41,41.66,43.23,44.77,45.15,20241021,20241017,20241016下跌 20241017上涨 20241017热度排名前50 20241018上涨 20241021涨幅 主板 非ST
000004.SZ,国华网安,65,65/5363,6438142.5,-1.78571429,10.02754821,10.01502253,6.59990897,17.63,19.96,21.17,20.67,17.5,19.08,20.81,20.51,19.24,19.97,21.97,24.11,20241021,20241017,20241016下跌 20241017上涨 20241017热度排名前50 20241018上涨 20241021涨幅 主板 非ST
002085.SZ,万丰奥威,77,77/5363,5990809.0,-2.14909335,1.23541524,5.15254237,9.99355255,14.53,14.57,14.5,15.51,14.26,14.45,14.41,15.45,14.94,15.3,16.08,17.06,20241021,20241017,20241016下跌 20241017上涨 20241017热度排名前50 20241018上涨 20241021涨幅 主板 非ST
600733.SH,北汽蓝谷,101,101/5363,5017777.5,-1.38888889,1.83098592,3.59612725,-1.60213618,7.08,7.18,7.25,7.49,7.01,7.14,7.11,7.32,7.25,7.38,7.6,7.49,20241021,20241017,20241016下跌 20241017上涨 20241017热度排名前50 20241018上涨 20241021涨幅 主板 非ST
002230.SZ,科大讯飞,110,110/5363,4714512.5,-0.11614402,3.25581395,3.22072072,0.7636919,42.24,43.3,44.01,46.22,42.06,43.1,43.05,45.83,43.56,45.64,47.51,47.0,20241021,20241017,20241016下跌 20241017上涨 20241017热度排名前50 20241018上涨 20241021涨幅 主板 非ST
601360.SH,三六零,123,123/5363,4196563.5,-0.97442144,3.56703567,1.3064133,1.75849941,8.08,8.4,8.4,8.53,8.03,8.31,8.12,8.53,8.26,8.75,8.76,8.81,20241021,20241017,20241016下跌 20241017上涨 20241017热度排名前50 20241018上涨 20241021涨幅 主板 非ST
600536.SH,中国软件,143,143/5363,3492537.0,-0.37678975,1.9667171,6.18199802,-0.32603633,39.0,42.07,40.0,42.9,38.8,40.01,39.36,41.9,40.52,42.77,44.25,43.88,20241021,20241017,20241016下跌 20241017上涨 20241017热度排名前50 20241018上涨 20241021涨幅 主板 非ST
601162.SH,天风证券,3,3/5363,42130079.5,-5.85683297,9.9078341,4.61215933,10.02004008,4.56,4.28,4.7,4.86,4.3,4.25,4.61,4.82,4.6,4.77,5.21,5.49,20241022,20241018,20241017下跌 20241018上涨 20241018热度排名前50 20241021上涨 20241022涨幅 主板 非ST
600171.SH,上海贝岭,18,18/5363,17768683.5,-1.09424638,9.99286224,9.99351071,10.0,28.85,27.86,33.9,37.29,27.88,27.81,33.9,36.5,29.04,30.82,33.9,37.29,20241022,20241018,20241017下跌 20241018上涨 20241018热度排名前50 20241021上涨 20241022涨幅 主板 非ST
600460.SH,士兰微,24,24/5363,13909480.5,-0.73469388,8.96381579,0.79245283,9.99625608,25.0,24.3,27.05,26.21,24.27,24.25,26.66,26.1,25.21,26.75,28.5,29.38,20241022,20241018,20241017下跌 20241018上涨 20241018热度排名前50 20241021上涨 20241022涨幅 主板 非ST
000628.SZ,高新发展,36,36/5363,9806663.5,-7.94641498,3.0097569,2.58468454,1.53364632,59.22,61.3,60.0,64.03,59.12,61.3,60.0,62.18,63.33,64.4,68.38,67.51,20241022,20241018,20241017下跌 20241018上涨 20241018热度排名前50 20241021上涨 20241022涨幅 主板 非ST
600550.SH,保变电气,37,37/5363,9694548.5,-6.99815838,5.84158416,4.77081384,-0.26785714,11.13,10.0,10.69,11.0,9.83,9.61,10.5,10.3,11.25,11.0,11.64,11.69,20241022,20241018,20241017下跌 20241018上涨 20241018热度排名前50 20241021上涨 20241022涨幅 主板 非ST
600895.SH,张江高科,39,39/5363,9452545.5,-4.45205479,10.01596169,2.24882118,-2.94430649,25.528,25.11,28.84,27.56,24.868,23.86,27.8,27.0,25.768,27.57,30.01,28.7,20241022,20241018,20241017下跌 20241018上涨 20241018热度排名前50 20241021上涨 20241022涨幅 主板 非ST
002049.SZ,紫光国微,80,80/5363,6200787.0,-1.01750711,7.07482993,2.69659749,-2.48831454,67.6,66.15,71.5,71.96,65.86,65.2,70.31,70.17,67.88,72.56,76.8,72.85,20241022,20241018,20241017下跌 20241018上涨 20241018热度排名前50 20241021上涨 20241022涨幅 主板 非ST
600619.SH,海立股份,88,88/5363,5830410.0,-3.37423313,4.65608466,10.01011122,-5.60661765,9.62,9.27,10.0,10.88,9.07,8.86,9.86,10.15,9.83,10.35,10.88,11.56,20241022,20241018,20241017下跌 20241018上涨 20241018热度排名前50 20241021上涨 20241022涨幅 主板 非ST
603259.SH,药明康德,97,97/5363,5528266.0,-1.59313725,4.23412204,0.2787734,0.87370929,49.3,47.8,50.52,50.21,48.16,47.78,49.62,49.9,49.54,51.47,50.92,51.44,20241022,20241018,20241017下跌 20241018上涨 20241018热度排名前50 20241021上涨 20241022涨幅 主板 非ST
002156.SZ,通富微电,100,100/5363,5404730.0,-0.14044944,7.45428973,2.7486911,1.01910828,21.7,21.4,23.26,23.37,21.3,21.4,22.95,23.07,21.9,23.45,24.26,24.07,20241022,20241018,20241017下跌 20241018上涨 20241018热度排名前50 20241021上涨 20241022涨幅 主板 非ST
601012.SH,隆基绿能,112,112/5363,4896673.5,-2.00878845,5.38116592,6.443769,4.96858938,15.95,15.55,16.58,17.3,15.59,15.45,16.58,16.91,16.1,16.54,18.0,18.78,20241022,20241018,20241017下跌 20241018上涨 20241018热度排名前50 20241021上涨 20241022涨幅 主板 非ST
000858.SZ,五粮液,113,113/5363,4838510.5,-2.61207201,3.66074665,0.00699301,1.69918188,142.5,137.01,143.99,142.8,137.89,136.36,141.1,142.21,142.92,145.56,145.5,146.45,20241022,20241018,20241017下跌 20241018上涨 20241018热度排名前50 20241021上涨 20241022涨幅 主板 非ST
002312.SZ,川发龙蟒,120,120/5363,4638010.0,-9.07372401,6.23700624,6.45792564,1.28676471,10.48,9.39,10.27,10.78,9.6,9.38,10.27,10.58,10.48,10.56,11.19,11.38,20241022,20241018,20241017下跌 20241018上涨 20241018热度排名前50 20241021上涨 20241022涨幅 主板 非ST
603106.SH,恒银科技,129,129/5363,4274963.5,-0.1150748,2.07373272,1.69300226,9.98890122,9.0,8.15,8.55,8.92,8.2,7.94,8.55,8.68,9.5,9.45,9.1,9.91,20241022,20241018,20241017下跌 20241018上涨 20241018热度排名前50 20241021上涨 20241022涨幅 主板 非ST
002340.SZ,格林美,133,133/5363,4080366.0,-1.07692308,8.39813375,0.43041607,0.85714286,6.57,6.43,7.18,6.97,6.43,6.42,6.92,6.87,6.63,7.07,7.19,7.1,20241022,20241018,20241017下跌 20241018上涨 20241018热度排名前50 20241021上涨 20241022涨幅 主板 非ST
002594.SZ,比亚迪,148,148/5363,3711456.5,-0.12767866,3.75924262,2.04795205,-0.55473976,292.51,289.45,303.0,305.0,289.12,288.08,300.9,303.0,297.85,306.2,308.6,310.12,20241022,20241018,20241017下跌 20241018上涨 20241018热度排名前50 20241021上涨 20241022涨幅 主板 非ST
002261.SZ,拓维信息,9,9/5364,26543974.0,-0.08960573,10.0,3.01671423,-8.11238623,21.86,22.3,26.98,24.3,20.86,22.18,24.53,23.0,23.56,24.53,26.98,25.58,20241023,20241021,20241018下跌 20241021上涨 20241021热度排名前50 20241022上涨 20241023涨幅 主板 非ST
000625.SZ,长安汽车,37,37/5364,10547831.0,-0.60331825,4.55235205,0.07256894,-2.2480058,13.3,13.17,13.77,13.8,13.11,13.11,13.55,13.45,13.35,13.95,14.18,13.8,20241024,20241022,20241021下跌 20241022上涨 20241022热度排名前50 20241023上涨 20241024涨幅 主板 非ST
600733.SH,北汽蓝谷,52,52/5364,8022845.5,-1.60213618,5.02035278,3.74677003,-4.48318804,7.49,7.33,7.85,8.0,7.32,7.31,7.6,7.66,7.49,7.8,8.37,8.02,20241024,20241022,20241021下跌 20241022上涨 20241022热度排名前50 20241023上涨 20241024涨幅 主板 非ST
000810.SZ,创维数字,69,69/5364,6946235.5,-0.168492,10.04219409,2.45398773,-7.70958084,11.7,11.76,13.8,12.72,11.6,11.64,13.08,12.02,12.06,13.04,14.34,12.94,20241024,20241022,20241021下跌 20241022上涨 20241022热度排名前50 20241023上涨 20241024涨幅 主板 非ST
002457.SZ,青龙管业,71,71/5364,6842489.0,-8.0,5.86956522,1.91649555,-4.43250504,14.33,13.8,14.48,14.59,13.6,13.79,14.25,14.16,14.75,14.98,15.6,15.23,20241024,20241022,20241021下跌 20241022上涨 20241022热度排名前50 20241023上涨 20241024涨幅 主板 非ST
000750.SZ,国海证券,73,73/5364,6518435.0,-3.09050773,4.32801822,1.74672489,10.08583691,4.35,4.37,4.55,4.65,4.29,4.35,4.45,4.61,4.49,4.65,5.03,5.13,20241024,20241022,20241021下跌 20241022上涨 20241022热度排名前50 20241023上涨 20241024涨幅 主板 非ST
601127.SH,赛力斯,82,82/5364,5887606.0,-0.48447479,1.15069706,9.99781229,-3.05290374,89.96,89.55,92.44,103.57,89.38,89.5,90.78,96.1,92.5,92.8,100.56,103.57,20241024,20241022,20241021下跌 20241022上涨 20241022热度排名前50 20241023上涨 20241024涨幅 主板 非ST
600811.SH,东方集团,108,108/5364,4937958.5,-2.4691358,10.12658228,9.77011494,9.94764398,1.61,1.57,1.91,2.1,1.55,1.55,1.91,2.1,1.62,1.74,1.91,2.1,20241024,20241022,20241021下跌 20241022上涨 20241022热度排名前50 20241023上涨 20241024涨幅 主板 非ST
002717.SZ,岭南股份,133,133/5364,4149223.5,-1.08695652,9.89010989,4.0,10.09615385,1.85,1.82,2.2,2.03,1.78,1.79,2.03,1.98,1.88,2.0,2.2,2.29,20241024,20241022,20241021下跌 20241022上涨 20241022热度排名前50 20241023上涨 20241024涨幅 主板 非ST
000980.SZ,众泰汽车,134,134/5364,4128632.5,-1.08695652,9.89010989,10.0,-1.81818182,1.84,1.82,2.1,2.27,1.79,1.8,2.02,2.1,1.86,2.0,2.2,2.41,20241024,20241022,20241021下跌 20241022上涨 20241022热度排名前50 20241023上涨 20241024涨幅 主板 非ST
000595.SZ,宝塔实业,37,37/5365,11657018.5,-1.55728587,10.05649718,2.77207392,-0.1998002,8.9,8.86,10.01,9.7,8.71,8.7,9.51,9.46,9.15,9.74,10.65,10.3,20241025,20241023,20241022下跌 20241023上涨 20241023热度排名前50 20241024上涨 20241025涨幅 主板 非ST
000063.SZ,中兴通讯,85,85/5365,6051362.5,-5.14033428,1.99468085,2.8357236,-0.47543582,30.5,30.01,31.1,31.39,29.78,29.81,31.0,31.01,30.61,31.77,32.48,31.61,20241025,20241023,20241022下跌 20241023上涨 20241023热度排名前50 20241024上涨 20241025涨幅 主板 非ST
600198.SH,大唐电信,88,88/5365,5684636.5,-1.43487859,9.96640538,9.9796334,10.0,9.06,8.8,10.5,11.88,8.71,8.6,10.36,11.88,9.29,9.82,10.8,11.88,20241025,20241023,20241022下跌 20241023上涨 20241023热度排名前50 20241024上涨 20241025涨幅 主板 非ST
000158.SZ,常山北明,3,3/5365,70357983.0,-7.17163578,9.98263889,1.14443567,9.98829497,23.96,22.01,25.5,27.8,22.9,21.34,24.07,25.98,26.01,25.34,27.5,28.19,20241028,20241024,20241023下跌 20241024上涨 20241024热度排名前50 20241025上涨 20241028涨幅 主板 非ST
002693.SZ,双成药业,5,5/5365,40890748.5,-9.9871959,9.99288762,9.99030068,9.99412111,28.12,25.31,32.98,36.29,28.12,25.31,32.2,32.0,28.88,30.93,34.02,37.42,20241028,20241024,20241023下跌 20241024上涨 20241024热度排名前50 20241025上涨 20241028涨幅 主板 非ST
600171.SH,上海贝岭,6,6/5365,37840162.0,-5.0415661,9.99717594,8.88318357,9.99764207,38.03,35.13,40.5,40.6,34.58,35.12,38.95,40.6,39.87,38.95,42.81,46.65,20241028,20241024,20241023下跌 20241024上涨 20241024热度排名前50 20241025上涨 20241028涨幅 主板 非ST
002456.SZ,欧菲光,7,7/5365,31543483.0,-7.0201643,1.68674699,3.87045814,0.76045627,12.82,12.0,12.71,13.16,12.19,11.9,12.36,12.72,13.27,12.78,13.6,13.46,20241028,20241024,20241023下跌 20241024上涨 20241024热度排名前50 20241025上涨 20241028涨幅 主板 非ST
600460.SH,士兰微,19,19/5365,16676565.0,-3.81211709,1.48619958,0.27894003,-1.28650904,29.24,27.7,28.68,28.76,27.8,27.7,28.1,27.91,29.24,29.73,29.64,28.76,20241028,20241024,20241023下跌 20241024上涨 20241024热度排名前50 20241025上涨 20241028涨幅 主板 非ST
600611.SH,大众交通,42,42/5365,9675265.0,-5.99547511,0.24067389,2.88115246,10.03500583,8.6,8.36,8.39,8.64,8.24,8.22,8.35,8.42,8.7,8.53,8.75,9.43,20241028,20241024,20241023下跌 20241024上涨 20241024热度排名前50 20241025上涨 20241028涨幅 主板 非ST
000062.SZ,深圳华强,52,52/5365,8429902.0,-9.08530952,0.74525745,3.7995965,4.34078393,30.5,28.5,31.3,30.0,29.22,28.2,30.8,30.0,30.89,30.44,32.36,33.79,20241028,20241024,20241023下跌 20241024上涨 20241024热度排名前50 20241025上涨 20241028涨幅 主板 非ST
603106.SH,恒银科技,53,53/5365,8257128.0,-0.60544904,10.05076142,9.96309963,9.98322148,10.5,10.26,10.41,13.1,9.5,9.68,10.08,11.92,10.9,10.84,11.92,13.11,20241028,20241024,20241023下跌 20241024上涨 20241024热度排名前50 20241025上涨 20241028涨幅 主板 非ST
000016.SZ,深康佳A,70,70/5365,6775342.0,-4.56730769,10.07556675,10.06864989,9.97920998,4.57,3.63,4.81,5.29,3.89,3.63,4.81,5.29,4.58,4.37,4.81,5.29,20241028,20241024,20241023下跌 20241024上涨 20241024热度排名前50 20241025上涨 20241028涨幅 主板 非ST
002542.SZ,中化岩土,90,90/5365,5266706.0,-5.15873016,10.041841,9.88593156,10.03460208,2.77,2.32,2.68,3.17,2.39,2.32,2.65,3.03,2.77,2.63,2.89,3.18,20241028,20241024,20241023下跌 20241024上涨 20241024热度排名前50 20241025上涨 20241028涨幅 主板 非ST
002654.SZ,万润科技,97,97/5365,4994048.0,-0.62222222,10.01788909,10.0,9.97782705,11.13,11.17,13.53,14.88,11.11,11.02,13.53,14.88,11.51,12.3,13.53,14.88,20241028,20241024,20241023下跌 20241024上涨 20241024热度排名前50 20241025上涨 20241028涨幅 主板 非ST
600105.SH,永鼎股份,105,105/5365,4586512.0,-0.63829787,10.06423983,0.77821012,7.91505792,4.73,4.69,5.5,5.1,4.63,4.69,5.05,5.1,4.95,5.14,5.5,5.7,20241028,20241024,20241023下跌 20241024上涨 20241024热度排名前50 20241025上涨 20241028涨幅 主板 非ST
600881.SH,亚泰集团,122,122/5365,4039297.5,-0.60240964,10.3030303,4.3956044,10.0,1.75,1.62,1.85,1.91,1.62,1.58,1.75,1.8,1.78,1.82,1.95,2.09,20241028,20241024,20241023下跌 20241024上涨 20241024热度排名前50 20241025上涨 20241028涨幅 主板 非ST
600745.SH,闻泰科技,123,123/5365,4036931.5,-0.70319367,3.00973739,3.60928101,10.00829417,34.0,33.6,34.91,36.98,33.62,33.55,34.68,36.78,34.47,36.16,36.87,39.79,20241028,20241024,20241023下跌 20241024上涨 20241024热度排名前50 20241025上涨 20241028涨幅 主板 非ST
002728.SZ,特一药业,136,136/5365,3804509.5,-0.47675805,10.05988024,1.41458107,2.46781116,8.4,8.38,9.73,9.05,8.25,8.38,9.31,8.98,8.56,9.19,9.78,9.59,20241028,20241024,20241023下跌 20241024上涨 20241024热度排名前50 20241025上涨 20241028涨幅 主板 非ST
002562.SZ,兄弟科技,150,150/5365,3487587.0,-1.44927536,10.04901961,10.02227171,5.66801619,4.12,4.2,4.5,5.18,4.03,4.2,4.36,4.86,4.14,4.49,4.94,5.43,20241028,20241024,20241023下跌 20241024上涨 20241024热度排名前50 20241025上涨 20241028涨幅 主板 非ST
601727.SH,上海电气,19,19/5365,14446872.0,-3.48837209,9.9827883,10.01564945,9.95732575,6.1,5.74,6.78,7.73,5.73,5.58,6.69,7.4,6.16,6.39,7.03,7.73,20241029,20241025,20241024下跌 20241025上涨 20241025热度排名前50 20241028上涨 20241029涨幅 主板 非ST
002625.SZ,光启技术,23,23/5365,14142698.5,-6.02557796,1.57026956,9.73975779,-4.015027,39.86,38.8,38.97,40.94,36.68,37.76,38.97,40.5,39.86,41.88,42.69,43.3,20241029,20241025,20241024下跌 20241025上涨 20241025热度排名前50 20241028上涨 20241029涨幅 主板 非ST
002085.SZ,万丰奥威,27,27/5365,12462191.5,-4.80225989,4.74777448,1.58640227,-4.62911322,17.44,16.85,18.0,17.5,16.58,16.85,17.65,17.1,17.8,18.0,18.75,17.82,20241029,20241025,20241024下跌 20241025上涨 20241025热度排名前50 20241028上涨 20241029涨幅 主板 非ST
000676.SZ,智度股份,28,28/5365,12449149.5,-8.53556485,0.27447392,2.82846715,5.59006211,12.0,10.56,10.85,11.04,10.76,10.22,10.84,10.76,12.0,11.47,11.89,12.4,20241029,20241025,20241024下跌 20241025上涨 20241025热度排名前50 20241028上涨 20241029涨幅 主板 非ST
002459.SZ,晶澳科技,39,39/5365,9742827.0,-7.92303339,10.01843884,1.67597765,-5.0,17.07,16.26,17.9,18.34,16.13,16.26,17.25,17.28,17.1,17.9,18.57,19.13,20241029,20241025,20241024下跌 20241025上涨 20241025热度排名前50 20241028上涨 20241029涨幅 主板 非ST
002685.SZ,华东重机,41,41/5365,9457124.5,-6.88259109,10.0,10.01317523,3.83233533,8.15,7.2,8.02,9.19,6.67,6.99,7.85,8.67,8.15,7.59,8.35,9.19,20241029,20241025,20241024下跌 20241025上涨 20241025热度排名前50 20241028上涨 20241029涨幅 主板 非ST
000099.SZ,中信海直,47,47/5365,8773566.0,-3.01435407,8.73211643,5.08166969,-5.4835924,20.91,20.54,22.23,22.22,19.88,20.54,21.6,21.88,20.97,22.15,23.98,22.73,20241029,20241025,20241024下跌 20241025上涨 20241025热度排名前50 20241028上涨 20241029涨幅 主板 非ST
603259.SH,药明康德,50,50/5365,8438979.0,-2.62186832,5.70402872,0.83018868,0.09356287,51.49,49.88,52.97,55.95,49.91,49.8,52.2,53.42,51.86,53.16,53.66,56.15,20241029,20241025,20241024下跌 20241025上涨 20241025热度排名前50 20241028上涨 20241029涨幅 主板 非ST
002129.SZ,TCL中环,52,52/5365,8295425.5,-3.32434861,10.03717472,7.09459459,-4.7318612,11.34,10.84,12.33,12.68,10.74,10.84,12.2,12.06,11.4,11.84,12.91,13.5,20241029,20241025,20241024下跌 20241025上涨 20241025热度排名前50 20241028上涨 20241029涨幅 主板 非ST
000021.SZ,深科技,53,53/5365,8020386.5,-1.54021677,10.02317497,10.00526593,-1.48396362,17.26,17.95,20.0,21.0,17.0,17.72,19.8,20.19,17.5,18.99,20.89,22.08,20241029,20241025,20241024下跌 20241025上涨 20241025热度排名前50 20241028上涨 20241029涨幅 主板 非ST
002466.SZ,天齐锂业,57,57/5365,7924507.5,-3.79606539,6.25,0.43372188,-3.07692308,35.5,35.47,36.67,37.35,34.31,35.41,35.85,35.86,35.6,37.7,37.21,37.92,20241029,20241025,20241024下跌 20241025上涨 20241025热度排名前50 20241028上涨 20241029涨幅 主板 非ST
000831.SZ,中国稀土,76,76/5365,5885929.0,-1.35665834,7.23850887,1.95747553,-1.25786164,27.59,27.61,29.08,29.85,27.5,27.45,29.0,29.03,28.68,30.39,31.08,30.8,20241029,20241025,20241024下跌 20241025上涨 20241025热度排名前50 20241028上涨 20241029涨幅 主板 非ST
002457.SZ,青龙管业,80,80/5365,5767500.0,-4.43250504,2.2487702,3.71134021,-5.30152419,14.59,14.26,14.6,14.91,14.16,13.7,14.6,14.25,15.23,14.92,15.5,15.29,20241029,20241025,20241024下跌 20241025上涨 20241025热度排名前50 20241028上涨 20241029涨幅 主板 非ST
000066.SZ,中国长城,82,82/5365,5539522.0,-2.67011197,0.79646018,4.74100088,9.97485331,11.82,11.31,11.22,11.91,11.24,11.27,11.15,11.61,11.99,11.9,12.25,13.12,20241029,20241025,20241024下跌 20241025上涨 20241025热度排名前50 20241028上涨 20241029涨幅 主板 非ST
002079.SZ,苏州固锝,86,86/5365,5409680.0,-3.36206897,8.83140054,4.50819672,-4.47058824,11.49,11.51,12.39,12.48,11.08,11.51,11.8,12.18,11.55,12.33,12.79,12.68,20241029,20241025,20241024下跌 20241025上涨 20241025热度排名前50 20241028上涨 20241029涨幅 主板 非ST
600622.SH,光大嘉宝,89,89/5365,5352333.0,-2.96495957,7.22222222,10.10362694,1.64705882,3.55,3.53,3.86,4.58,3.38,3.53,3.8,4.32,3.75,3.95,4.25,4.68,20241029,20241025,20241024下跌 20241025上涨 20241025热度排名前50 20241028上涨 20241029涨幅 主板 非ST
000625.SZ,长安汽车,91,91/5365,5266375.0,-2.2480058,0.89020772,0.73529412,-2.18978102,13.8,13.49,13.6,13.55,13.45,13.48,13.46,13.37,13.8,13.72,13.7,13.7,20241029,20241025,20241024下跌 20241025上涨 20241025热度排名前50 20241028上涨 20241029涨幅 主板 非ST
600733.SH,北汽蓝谷,98,98/5365,5141223.5,-4.48318804,0.1303781,3.90625,0.62656642,8.0,7.65,7.67,8.04,7.66,7.64,7.57,7.86,8.02,7.88,8.08,8.4,20241029,20241025,20241024下跌 20241025上涨 20241025热度排名前50 20241028上涨 20241029涨幅 主板 非ST
002366.SZ,融发核电,99,99/5365,5037244.0,-7.86749482,10.11235955,4.48979592,-0.9765625,4.6,4.45,4.96,5.3,4.41,4.44,4.78,5.01,4.73,4.9,5.28,5.39,20241029,20241025,20241024下跌 20241025上涨 20241025热度排名前50 20241028上涨 20241029涨幅 主板 非ST
000536.SZ,华映科技,104,104/5365,4859125.0,-2.82485876,9.88372093,10.05291005,10.09615385,3.45,3.46,3.99,4.58,3.4,3.46,3.9,4.28,3.54,3.78,4.16,4.58,20241029,20241025,20241024下跌 20241025上涨 20241025热度排名前50 20241028上涨 20241029涨幅 主板 非ST
600678.SH,四川金顶,108,108/5365,4775784.5,-6.06435644,6.58761528,6.92212608,-5.20231214,7.9,7.58,8.15,8.59,7.55,7.55,7.82,8.19,7.96,8.18,8.67,8.64,20241029,20241025,20241024下跌 20241025上涨 20241025热度排名前50 20241028上涨 20241029涨幅 主板 非ST
002709.SZ,天赐材料,109,109/5365,4711092.0,-3.84180791,9.98824912,0.16025641,-3.62666667,17.45,17.02,18.81,18.8,16.95,17.02,18.15,18.05,17.6,18.72,18.94,19.08,20241029,20241025,20241024下跌 20241025上涨 20241025热度排名前50 20241028上涨 20241029涨幅 主板 非ST
002185.SZ,华天科技,125,125/5365,4210435.5,-0.46816479,2.16368768,8.10313076,9.96592845,10.58,10.75,10.9,12.2,10.5,10.63,10.77,12.01,10.74,10.87,11.91,12.91,20241029,20241025,20241024下跌 20241025上涨 20241025热度排名前50 20241028上涨 20241029涨幅 主板 非ST
600895.SH,张江高科,126,126/5365,4191369.5,-0.90600227,0.45714286,0.75843762,1.35491155,26.16,26.58,26.37,26.61,26.08,26.1,26.28,26.32,26.85,26.99,26.79,27.85,20241029,20241025,20241024下跌 20241025上涨 20241025热度排名前50 20241028上涨 20241029涨幅 主板 非ST
000980.SZ,众泰汽车,127,127/5365,4188941.5,-1.81818182,0.92592593,6.88073394,-4.72103004,2.27,2.16,2.14,2.36,2.1,2.16,2.14,2.22,2.41,2.28,2.39,2.36,20241029,20241025,20241024下跌 20241025上涨 20241025热度排名前50 20241028上涨 20241029涨幅 主板 非ST
600111.SH,北方稀土,133,133/5365,3956027.5,-1.76643768,5.69430569,0.80340265,-1.87529301,20.26,20.0,20.97,21.36,19.98,19.96,20.87,20.84,20.51,21.63,21.6,21.47,20241029,20241025,20241024下跌 20241025上涨 20241025热度排名前50 20241028上涨 20241029涨幅 主板 非ST
002460.SZ,赣锋锂业,141,141/5365,3798623.5,-3.55957768,6.0369096,1.0619469,-2.77291302,32.88,32.02,33.9,34.48,31.82,32.02,33.33,33.25,33.0,34.49,34.3,35.1,20241029,20241025,20241024下跌 20241025上涨 20241025热度排名前50 20241028上涨 20241029涨幅 主板 非ST
000821.SZ,京山轻机,146,146/5365,3675431.5,-3.35195531,9.99174236,9.98498498,0.68259386,12.4,12.05,14.12,15.43,12.05,12.03,13.88,14.52,12.4,13.32,14.65,16.12,20241029,20241025,20241024下跌 20241025上涨 20241025热度排名前50 20241028上涨 20241029涨幅 主板 非ST
002199.SZ,东晶电子,150,150/5365,3627588.0,-3.75782881,9.97830803,4.63510848,-4.99528746,9.05,9.08,10.14,10.3,8.89,9.08,10.0,10.02,9.5,10.14,11.15,10.6,20241029,20241025,20241024下跌 20241025上涨 20241025热度排名前50 20241028上涨 20241029涨幅 主板 非ST
002261.SZ,拓维信息,13,13/5366,19727758.5,-2.93172691,2.68928424,0.20145044,6.95617209,24.5,24.28,24.51,24.3,23.88,23.77,24.1,23.89,25.41,25.5,26.6,27.28,20241030,20241028,20241025下跌 20241028上涨 20241028热度排名前50 20241029上涨 20241030涨幅 主板 非ST
601127.SH,赛力斯,28,28/5366,13077088.0,-1.13857832,6.31873833,6.56777593,0.23809524,99.3,96.38,102.47,106.91,95.5,95.8,100.07,106.18,99.82,103.0,112.57,110.28,20241030,20241028,20241025下跌 20241028上涨 20241028热度排名前50 20241029上涨 20241030涨幅 主板 非ST
000595.SZ,宝塔实业,31,31/5366,12192048.0,-0.1998002,10.01001001,5.45950864,-6.7299396,9.7,9.81,11.3,11.09,9.46,9.66,10.61,10.68,10.3,10.99,12.09,11.85,20241030,20241028,20241025下跌 20241028上涨 20241028热度排名前50 20241029上涨 20241030涨幅 主板 非ST
002628.SZ,成都路桥,35,35/5366,11663013.5,-1.08892922,10.09174312,10.0,8.33333333,5.16,5.31,6.34,6.5,5.16,5.01,6.0,5.99,5.75,6.0,6.6,7.25,20241030,20241028,20241025下跌 20241028上涨 20241028热度排名前50 20241029上涨 20241030涨幅 主板 非ST
600203.SH,福日电子,62,62/5366,7379970.0,-2.2289767,10.05181347,9.98116761,10.01712329,9.88,9.5,11.36,12.85,9.55,9.36,10.8,12.85,9.99,10.62,11.68,12.85,20241030,20241028,20241025下跌 20241028上涨 20241028热度排名前50 20241029上涨 20241030涨幅 主板 非ST
600418.SH,江淮汽车,87,87/5366,5758924.0,-1.79035518,1.5877683,0.26049204,7.47690531,34.6,33.94,34.61,34.7,33.26,33.4,34.01,34.43,34.8,35.1,35.49,37.64,20241030,20241028,20241025下跌 20241028上涨 20241028热度排名前50 20241029上涨 20241030涨幅 主板 非ST
002640.SZ,跨境通,114,114/5366,4828127.5,-1.6722408,9.86394558,0.92879257,-5.21472393,2.94,2.91,3.48,3.14,2.92,2.88,3.25,3.06,3.0,3.23,3.48,3.19,20241030,20241028,20241025下跌 20241028上涨 20241028热度排名前50 20241029上涨 20241030涨幅 主板 非ST
002570.SZ,贝因美,137,137/5366,4353617.5,-2.11267606,10.07194245,10.02178649,10.0990099,4.38,4.25,5.05,5.06,4.04,4.25,4.69,4.93,4.38,4.59,5.05,5.56,20241030,20241028,20241025下跌 20241028上涨 20241028热度排名前50 20241029上涨 20241030涨幅 主板 非ST
600460.SH,士兰微,23,23/5366,18029619.0,-1.28650904,3.59281437,0.40802448,5.21503556,28.76,28.26,28.9,29.54,27.91,27.94,28.7,28.76,28.76,31.2,30.39,31.76,20241031,20241029,20241028下跌 20241029上涨 20241029热度排名前50 20241030上涨 20241031涨幅 主板 非ST
603626.SH,科森科技,117,117/5366,5405874.5,-0.20964361,9.9789916,10.0286533,5.12152778,9.31,9.47,10.63,12.2,9.1,9.43,10.51,11.52,9.54,10.47,11.52,12.67,20241031,20241029,20241028下跌 20241029上涨 20241029热度排名前50 20241030上涨 20241031涨幅 主板 非ST
002797.SZ,第一创业,121,121/5366,5243454.5,-1.1299435,1.42857143,10.0,9.9871959,6.89,7.02,7.25,8.1,6.8,6.99,7.14,7.97,7.02,7.36,7.81,8.59,20241031,20241029,20241028下跌 20241029上涨 20241029热度排名前50 20241030上涨 20241031涨幅 主板 非ST
603005.SH,晶方科技,124,124/5366,5220880.0,-0.16006403,1.32264529,5.97310127,4.88988429,24.72,24.95,25.5,26.5,24.36,24.77,25.29,25.72,25.31,26.46,27.66,29.12,20241031,20241029,20241028下跌 20241029上涨 20241029热度排名前50 20241030上涨 20241031涨幅 主板 非ST
600171.SH,上海贝岭,4,4/5366,44513091.5,-2.89389068,7.01986755,5.87871287,-9.99415546,46.64,44.0,48.58,49.9,44.6,42.98,46.9,46.2,51.0,49.6,53.33,50.33,20241101,20241030,20241029下跌 20241030上涨 20241030热度排名前50 20241031上涨 20241101涨幅 主板 非ST
601162.SH,天风证券,8,8/5366,38489407.5,-0.85616438,0.51813472,9.96563574,-9.0625,5.98,5.61,5.7,6.39,5.7,5.53,5.65,5.76,6.19,5.97,6.4,6.5,20241101,20241030,20241029下跌 20241030上涨 20241030热度排名前50 20241031上涨 20241101涨幅 主板 非ST
603106.SH,恒银科技,13,13/5366,25998170.5,-9.99237223,10.0,3.92912173,-10.0074129,14.42,11.93,12.98,12.5,11.8,11.1,12.18,12.14,14.42,12.98,14.27,13.08,20241101,20241030,20241029下跌 20241030上涨 20241030热度排名前50 20241031上涨 20241101涨幅 主板 非ST
002272.SZ,川润股份,15,15/5366,24548451.5,-2.57879656,10.0,10.02673797,-10.02430134,15.36,13.3,15.65,16.6,12.69,13.3,14.8,14.81,15.36,14.96,16.46,17.75,20241101,20241030,20241029下跌 20241030上涨 20241030热度排名前50 20241031上涨 20241101涨幅 主板 非ST
000100.SZ,TCL科技,21,21/5366,20921295.0,-1.35135135,10.0456621,9.95850622,-2.0754717,4.45,4.35,5.01,5.83,4.37,4.32,4.86,5.06,4.46,4.82,5.3,5.83,20241101,20241030,20241029下跌 20241030上涨 20241030热度排名前50 20241031上涨 20241101涨幅 主板 非ST
000021.SZ,深科技,27,27/5366,17596371.0,-1.48396362,10.00971817,4.32862191,-9.9915326,21.0,20.52,22.95,23.14,20.19,20.15,22.08,21.26,22.08,22.64,24.9,23.6,20241101,20241030,20241029下跌 20241030上涨 20241030热度排名前50 20241031上涨 20241101涨幅 主板 非ST
002085.SZ,万丰奥威,31,31/5366,14730811.0,-4.62911322,10.0,9.99468368,10.00483325,17.5,16.84,20.69,22.76,17.1,16.69,20.3,20.85,17.82,18.81,20.69,22.76,20241101,20241030,20241029下跌 20241030上涨 20241030热度排名前50 20241031上涨 20241101涨幅 主板 非ST
000099.SZ,中信海直,49,49/5366,11173765.5,-5.4835924,10.0045683,9.55149502,-7.27824109,22.22,21.65,25.39,25.77,21.88,21.0,24.8,23.74,22.73,24.08,26.49,26.35,20241101,20241030,20241029下跌 20241030上涨 20241030热度排名前50 20241031上涨 20241101涨幅 主板 非ST
601012.SH,隆基绿能,50,50/5366,11171861.5,-4.18326693,0.05197505,2.54545455,-3.69807497,20.5,19.0,19.8,19.63,19.16,18.85,19.4,18.9,21.15,19.85,20.1,19.8,20241101,20241030,20241029下跌 20241030上涨 20241030热度排名前50 20241031上涨 20241101涨幅 主板 非ST
000725.SZ,京东方A,52,52/5366,10830889.0,-0.91954023,4.87238979,3.31858407,-4.49678801,4.37,4.31,4.61,4.7,4.3,4.29,4.44,4.44,4.38,4.62,4.75,4.73,20241101,20241030,20241029下跌 20241030上涨 20241030热度排名前50 20241031上涨 20241101涨幅 主板 非ST
600030.SH,中信证券,63,63/5366,9093164.0,-0.94579847,0.84465663,2.40349599,-0.60455192,27.52,27.25,27.4,28.12,27.2,27.17,27.2,27.84,27.96,27.78,28.8,28.62,20241101,20241030,20241029下跌 20241030上涨 20241030热度排名前50 20241031上涨 20241101涨幅 主板 非ST
002625.SZ,光启技术,64,64/5366,9055013.5,-4.015027,0.53816047,3.40632603,-6.94117647,40.94,40.5,42.01,42.6,40.5,39.73,41.38,39.18,43.3,42.15,44.37,43.71,20241101,20241030,20241029下跌 20241030上涨 20241030热度排名前50 20241031上涨 20241101涨幅 主板 非ST
600550.SH,保变电气,65,65/5366,8915997.0,-3.89718076,2.67471959,5.88235294,-10.0,11.88,11.21,11.9,12.32,11.57,10.91,11.72,11.34,12.1,11.93,13.09,12.45,20241101,20241030,20241029下跌 20241030上涨 20241030热度排名前50 20241031上涨 20241101涨幅 主板 非ST
002156.SZ,通富微电,73,73/5366,7817650.5,-0.51129101,5.18201285,10.01628664,9.99259808,23.5,23.38,24.46,29.72,23.27,23.31,23.8,28.25,24.0,24.9,27.02,29.72,20241101,20241030,20241029下跌 20241030上涨 20241030热度排名前50 20241031上涨 20241101涨幅 主板 非ST
002129.SZ,TCL中环,93,93/5366,6603094.5,-4.7318612,0.82781457,4.02298851,-6.94554065,12.68,11.6,12.48,12.47,12.06,11.41,12.12,11.7,13.5,12.55,13.0,12.47,20241101,20241030,20241029下跌 20241030上涨 20241030热度排名前50 20241031上涨 20241101涨幅 主板 非ST
002459.SZ,晶澳科技,98,98/5366,6397511.0,-5.0,1.5615963,10.02277904,-6.05590062,18.34,16.7,18.7,19.0,17.28,16.59,18.33,18.09,19.13,17.8,19.32,19.7,20241101,20241030,20241029下跌 20241030上涨 20241030热度排名前50 20241031上涨 20241101涨幅 主板 非ST
000810.SZ,创维数字,101,101/5366,6289159.5,-2.34848485,7.29247479,3.03687636,-9.96491228,13.1,12.65,13.83,13.81,12.65,12.51,13.3,12.83,13.67,14.15,15.15,13.9,20241101,20241030,20241029下跌 20241030上涨 20241030热度排名前50 20241031上涨 20241101涨幅 主板 非ST
000801.SZ,四川九洲,107,107/5366,5990277.0,-5.64885496,10.03236246,5.51470588,-9.96515679,13.11,12.14,14.04,13.9,12.33,12.08,13.9,12.92,13.15,13.6,14.96,13.9,20241101,20241030,20241029下跌 20241030上涨 20241030热度排名前50 20241031上涨 20241101涨幅 主板 非ST
000056.SZ,皇庭国际,129,129/5366,5114311.0,-4.93421053,10.03460208,10.06289308,-6.28571429,3.34,3.07,3.5,3.62,2.81,3.06,3.25,3.15,3.34,3.18,3.5,3.83,20241101,20241030,20241029下跌 20241030上涨 20241030热度排名前50 20241031上涨 20241101涨幅 主板 非ST
000948.SZ,南天信息,133,133/5366,5059076.5,-1.40491721,10.02544529,3.60777058,-10.0,19.74,19.42,22.63,21.4,19.64,18.93,21.2,20.16,20.36,21.62,23.78,21.43,20241101,20241030,20241029下跌 20241030上涨 20241030热度排名前50 20241031上涨 20241101涨幅 主板 非ST
002607.SZ,中公教育,56,56/5368,10987883.5,-5.0955414,10.06711409,0.6097561,-3.33333333,3.06,2.98,3.5,3.3,2.93,2.97,3.29,3.13,3.07,3.28,3.61,3.34,20241104,20241031,20241030下跌 20241031上涨 20241031热度排名前50 20241101上涨 20241104涨幅 主板 非ST
600895.SH,张江高科,77,77/5368,8519353.5,-3.19346454,10.01150748,10.0069735,-3.32805071,26.4,25.82,31.55,30.8,25.68,25.75,30.38,28.4,26.68,28.68,31.55,31.55,20241104,20241031,20241030下跌 20241031上涨 20241031热度排名前50 20241101上涨 20241104涨幅 主板 非ST
000625.SZ,长安汽车,121,121/5368,5775708.0,-1.11940299,0.1509434,1.65787491,6.00444774,13.26,13.21,13.36,13.72,13.2,13.06,13.35,13.6,13.48,13.41,14.18,14.33,20241104,20241031,20241030下跌 20241031上涨 20241031热度排名前50 20241101上涨 20241104涨幅 主板 非ST
600619.SH,海立股份,132,132/5368,5600330.0,-4.22778257,3.15315315,0.96069869,10.03460208,11.1,10.93,12.03,12.72,10.89,10.74,10.98,12.72,11.53,12.1,12.6,12.72,20241104,20241031,20241030下跌 20241031上涨 20241031热度排名前50 20241101上涨 20241104涨幅 主板 非ST
601933.SH,永辉超市,29,29/5368,16897080.5,-6.10997963,9.97830803,0.19723866,-2.36220472,4.75,4.47,5.23,4.8,4.48,4.25,4.6,4.78,4.91,5.07,5.35,5.28,20241105,20241101,20241031下跌 20241101上涨 20241101热度排名前50 20241104上涨 20241105涨幅 主板 非ST
603117.SH,万林物流,64,64/5368,8908563.0,-9.98751561,9.98613037,9.96216898,9.97706422,7.8,6.86,7.34,9.0,7.21,6.49,7.34,8.31,7.98,7.93,8.72,9.59,20241105,20241101,20241031下跌 20241101上涨 20241101热度排名前50 20241104上涨 20241105涨幅 主板 非ST
601727.SH,上海电气,7,7/5368,49205552.0,-10.0,10.0,9.98877666,10.0,9.0,7.6,9.65,10.78,8.1,7.6,9.46,10.78,9.7,8.91,,10.78,20241106,20241104,20241101下跌 20241104上涨 20241104热度排名前50 20241105上涨 20241106涨幅 主板 非ST
601127.SH,赛力斯,18,18/5368,22500794.0,-2.37360754,9.9973668,9.99840409,-2.64780559,114.38,120.0,129.0,142.0,112.6,120.0,128.0,132.6,118.6,125.32,,145.0,20241106,20241104,20241101下跌 20241104上涨 20241104热度排名前50 20241105上涨 20241106涨幅 主板 非ST
603019.SH,中科曙光,19,19/5368,20766191.0,-1.2254902,10.0082713,7.86466165,0.52976439,60.02,60.64,68.01,71.89,60.0,59.07,66.6,68.96,65.77,66.5,,74.9,20241106,20241104,20241101下跌 20241104上涨 20241104热度排名前50 20241105上涨 20241106涨幅 主板 非ST
600733.SH,北汽蓝谷,29,29/5368,15786714.0,-5.94660194,10.06451613,3.28253224,9.98864926,8.1,7.88,8.65,8.7,7.71,7.87,8.4,8.67,8.18,8.53,,9.69,20241106,20241104,20241101下跌 20241104上涨 20241104热度排名前50 20241105上涨 20241106涨幅 主板 非ST
600030.SH,中信证券,40,40/5368,13057974.0,-0.60455192,3.97137746,4.85203028,2.00196915,28.12,28.01,29.23,31.01,27.84,28.01,28.69,30.59,28.62,29.07,,33.0,20241106,20241104,20241101下跌 20241104上涨 20241104热度排名前50 20241105上涨 20241106涨幅 主板 非ST
000099.SZ,中信海直,42,42/5368,12375354.5,-7.27824109,1.47179068,9.99194198,10.0,25.77,23.58,24.82,30.03,23.74,22.59,24.75,29.6,26.35,26.33,,30.03,20241106,20241104,20241101下跌 20241104上涨 20241104热度排名前50 20241105上涨 20241106涨幅 主板 非ST
600390.SH,五矿资本,53,53/5368,10215248.0,-1.73796791,10.06802721,10.01236094,-2.24719101,7.4,7.2,8.5,9.29,6.9,7.05,8.3,8.45,8.2,8.09,,9.79,20241106,20241104,20241101下跌 20241104上涨 20241104热度排名前50 20241105上涨 20241106涨幅 主板 非ST
600418.SH,江淮汽车,64,64/5368,9408689.5,-8.18070818,3.9893617,7.46803069,-1.90385531,40.95,37.2,39.1,42.2,36.94,37.2,38.7,40.3,40.95,40.1,,42.67,20241106,20241104,20241101下跌 20241104上涨 20241104热度排名前50 20241105上涨 20241106涨幅 主板 非ST
002178.SZ,延华智能,71,71/5368,8553185.5,-9.94550409,9.98487141,10.04126547,10.0,8.07,5.95,8.0,8.8,6.61,5.95,7.7,8.8,8.07,7.27,,8.8,20241106,20241104,20241101下跌 20241104上涨 20241104热度排名前50 20241105上涨 20241106涨幅 主板 非ST
002185.SZ,华天科技,73,73/5368,8482934.5,-9.97815004,1.94174757,1.74603175,3.43213729,13.4,12.0,12.61,12.9,12.36,11.91,12.45,12.71,13.4,12.76,,13.45,20241106,20241104,20241101下跌 20241104上涨 20241104热度排名前50 20241105上涨 20241106涨幅 主板 非ST
000977.SZ,浪潮信息,74,74/5368,7874836.5,-6.58401026,5.49199085,2.92841649,-2.21285564,45.86,43.25,45.7,47.6,43.51,43.25,45.4,46.0,48.42,46.61,,47.7,20241106,20241104,20241101下跌 20241104上涨 20241104热度排名前50 20241105上涨 20241106涨幅 主板 非ST
002594.SZ,比亚迪,81,81/5368,7218614.5,-0.98229817,5.74213771,0.16939214,-2.32195122,293.2,296.0,304.06,308.0,290.1,295.61,300.5,298.0,295.6,308.92,,309.75,20241106,20241104,20241101下跌 20241104上涨 20241104热度排名前50 20241105上涨 20241106涨幅 主板 非ST
600460.SH,士兰微,82,82/5368,7178816.0,-9.97747023,1.93063997,3.92844616,0.53999325,30.79,27.52,28.49,29.72,27.96,27.51,28.32,29.06,30.9,29.0,,30.5,20241106,20241104,20241101下跌 20241104上涨 20241104热度排名前50 20241105上涨 20241106涨幅 主板 非ST
000980.SZ,众泰汽车,90,90/5368,6470835.5,-7.40740741,10.22222222,10.08064516,9.52380952,2.52,2.19,2.73,2.83,2.23,2.19,2.53,2.75,2.59,2.48,,3.0,20241106,20241104,20241101下跌 20241104上涨 20241104热度排名前50 20241105上涨 20241106涨幅 主板 非ST
000617.SZ,中油资本,95,95/5368,5889206.0,-8.7202718,1.48883375,7.21271394,0.91220068,8.58,8.05,8.15,8.7,8.02,7.91,8.14,8.6,8.6,8.28,,9.13,20241106,20241104,20241101下跌 20241104上涨 20241104热度排名前50 20241105上涨 20241106涨幅 主板 非ST
002625.SZ,光启技术,99,99/5368,5713145.5,-6.94117647,2.88242731,10.00245761,6.12153709,42.6,40.36,40.77,46.5,39.18,40.0,40.77,45.64,43.71,42.1,,48.22,20241106,20241104,20241101下跌 20241104上涨 20241104热度排名前50 20241105上涨 20241106涨幅 主板 非ST
601012.SH,隆基绿能,100,100/5368,5630805.5,-3.69807497,1.31509732,1.92107996,-2.13958227,19.63,19.01,19.2,19.63,18.9,18.93,19.0,19.08,19.8,19.42,,19.97,20241106,20241104,20241101下跌 20241104上涨 20241104热度排名前50 20241105上涨 20241106涨幅 主板 非ST
600178.SH,东安动力,103,103/5368,5415412.0,-7.29641694,2.037948,5.23415978,2.35602094,16.8874,14.4974,13.5874,15.9774,13.9174,14.2274,13.5874,15.0574,16.8874,15.6474,,16.7474,20241106,20241104,20241101下跌 20241104上涨 20241104热度排名前50 20241105上涨 20241106涨幅 主板 非ST
000520.SZ,凤凰航运,104,104/5368,5404740.5,-9.98439938,10.05199307,10.07874016,-10.01430615,7.05,5.77,6.67,6.8,5.77,5.77,6.15,6.29,7.05,6.35,,7.55,20241106,20241104,20241101下跌 20241104上涨 20241104热度排名前50 20241105上涨 20241106涨幅 主板 非ST
002130.SZ,沃尔核材,109,109/5368,5134084.5,-8.7752229,3.49794239,0.84493042,-3.94282898,20.74,19.44,20.02,20.58,19.37,19.44,19.89,19.15,21.0,20.55,,21.03,20241106,20241104,20241101下跌 20241104上涨 20241104热度排名前50 20241105上涨 20241106涨幅 主板 非ST
000725.SZ,京东方A,111,111/5368,5065658.5,-4.49678801,0.89686099,2.66666667,-1.08225108,4.7,4.45,4.52,4.63,4.44,4.43,4.49,4.52,4.73,4.56,,4.64,20241106,20241104,20241101下跌 20241104上涨 20241104热度排名前50 20241105上涨 20241106涨幅 主板 非ST
002703.SZ,浙江世宝,112,112/5368,5051573.0,-4.89891135,9.97547016,4.68401487,-2.91193182,12.75,12.19,13.45,13.88,12.22,12.07,13.1,13.54,12.78,13.45,,14.21,20241106,20241104,20241101下跌 20241104上涨 20241104热度排名前50 20241105上涨 20241106涨幅 主板 非ST
002183.SZ,怡亚通,117,117/5368,4942060.5,-9.92,0.53285968,1.23674912,-1.57068063,6.4,5.16,5.69,5.74,5.63,5.16,5.56,5.59,6.5,5.99,,5.99,20241106,20241104,20241101下跌 20241104上涨 20241104热度排名前50 20241105上涨 20241106涨幅 主板 非ST
000572.SZ,海马汽车,121,121/5368,4807318.5,-9.41619586,7.69230769,6.37065637,9.98185118,5.42,4.77,5.08,5.58,4.78,4.68,5.08,5.45,5.6,5.28,,6.06,20241106,20241104,20241101下跌 20241104上涨 20241104热度排名前50 20241105上涨 20241106涨幅 主板 非ST
002031.SZ,巨轮智能,124,124/5368,4734651.0,-6.84931507,10.0,9.89304813,2.43309002,3.63,3.42,3.91,4.15,3.39,3.42,3.79,4.02,3.64,3.74,,4.52,20241106,20241104,20241101下跌 20241104上涨 20241104热度排名前50 20241105上涨 20241106涨幅 主板 非ST
000750.SZ,国海证券,128,128/5368,4613204.5,-5.8,3.3970276,5.54414784,-1.94552529,4.91,4.72,4.85,5.09,4.7,4.63,4.77,4.99,4.97,4.94,,5.23,20241106,20241104,20241101下跌 20241104上涨 20241104热度排名前50 20241105上涨 20241106涨幅 主板 非ST
002459.SZ,晶澳科技,136,136/5368,4494679.0,-6.05590062,0.33057851,1.2081274,-2.38741183,19.0,17.88,18.0,18.23,18.09,17.72,17.6,17.69,19.7,18.5,,18.98,20241106,20241104,20241101下跌 20241104上涨 20241104热度排名前50 20241105上涨 20241106涨幅 主板 非ST
002851.SZ,麦格米特,140,140/5368,4444632.0,-9.05494505,9.98066699,1.62601626,-4.19459459,44.47,41.3,44.56,46.25,41.35,41.25,43.98,43.87,45.0,45.52,,47.25,20241106,20241104,20241101下跌 20241104上涨 20241104热度排名前50 20241105上涨 20241106涨幅 主板 非ST
600686.SH,金龙汽车,145,145/5368,4258441.5,-3.42231348,0.92133239,0.21067416,-0.49053959,15.88,13.61,14.1,14.17,13.8,13.61,13.94,13.74,15.88,14.75,,14.84,20241106,20241104,20241101下跌 20241104上涨 20241104热度排名前50 20241105上涨 20241106涨幅 主板 非ST
601360.SH,三六零,146,146/5368,4240048.5,-3.51602896,0.21436227,3.95721925,9.97942387,10.0,9.1,9.25,9.7,9.32,9.09,9.25,9.55,10.4,9.54,,10.69,20241106,20241104,20241101下跌 20241104上涨 20241104热度排名前50 20241105上涨 20241106涨幅 主板 非ST
600355.SH,精伦电子,149,149/5368,4161370.5,-6.36550308,10.0877193,1.79282869,9.98043053,5.36,4.34,5.39,4.98,4.51,4.34,5.02,4.81,5.36,5.02,,5.62,20241106,20241104,20241101下跌 20241104上涨 20241104热度排名前50 20241105上涨 20241106涨幅 主板 非ST
000066.SZ,中国长城,8,8/5368,45618884.5,-9.27835052,6.06060606,10.0,10.01082251,17.47,16.3,16.11,18.29,15.71,16.3,15.63,17.61,17.96,17.42,18.48,20.33,20241107,20241105,20241104下跌 20241105上涨 20241105热度排名前50 20241106上涨 20241107涨幅 主板 非ST
001696.SZ,宗申动力,12,12/5368,31715798.0,-10.0,3.96039604,0.84656085,-9.96852046,27.27,27.1,29.68,27.0,27.27,25.25,27.8,25.73,29.51,28.6,31.0,27.36,20241107,20241105,20241104下跌 20241105上涨 20241105热度排名前50 20241106上涨 20241107涨幅 主板 非ST
002156.SZ,通富微电,14,14/5368,26391037.5,-3.4320323,10.0,10.00950269,-2.56262597,29.72,29.24,32.0,32.95,27.0,28.61,30.29,32.0,30.88,31.57,34.73,36.16,20241107,20241105,20241104下跌 20241105上涨 20241105热度排名前50 20241106上涨 20241107涨幅 主板 非ST
002085.SZ,万丰奥威,19,19/5368,22637201.5,-4.30579965,5.14233242,5.10917031,-8.80764437,22.0,21.87,23.58,23.0,20.48,21.87,23.54,21.7,23.1,23.3,25.19,23.35,20241107,20241105,20241104下跌 20241105上涨 20241105热度排名前50 20241106上涨 20241107涨幅 主板 非ST
600171.SH,上海贝岭,26,26/5368,19019824.0,-8.16017316,3.58237096,6.2116041,-3.25621251,41.58,42.45,43.96,46.69,41.58,42.45,43.16,43.09,46.4,44.88,48.2,46.69,20241107,20241105,20241104下跌 20241105上涨 20241105热度排名前50 20241106上涨 20241107涨幅 主板 非ST
600895.SH,张江高科,29,29/5368,17844210.0,-3.32805071,10.0,1.28166915,-3.32548558,30.8,30.17,34.4,32.78,28.4,30.17,32.2,31.57,31.55,33.55,35.4,33.66,20241107,20241105,20241104下跌 20241105上涨 20241105热度排名前50 20241106上涨 20241107涨幅 主板 非ST
002253.SZ,川大智胜,48,48/5368,11278272.5,-10.01838235,8.73340143,10.00469704,-9.99146029,19.58,19.32,21.55,21.55,19.58,18.8,20.2,21.08,20.59,21.5,23.42,21.8,20241107,20241105,20241104下跌 20241105上涨 20241105热度排名前50 20241106上涨 20241107涨幅 主板 非ST
600010.SH,包钢股份,59,59/5368,10074434.5,-2.65957447,9.83606557,7.46268657,-1.38888889,1.95,1.8,2.0,2.1,1.81,1.79,1.98,2.05,1.96,2.01,2.2,2.19,20241107,20241105,20241104下跌 20241105上涨 20241105热度排名前50 20241106上涨 20241107涨幅 主板 非ST
600611.SH,大众交通,64,64/5368,9682087.0,-4.95156082,3.28425821,4.71491228,-3.56020942,8.63,8.86,9.14,9.48,8.62,8.75,9.09,8.86,9.05,9.28,9.9,9.68,20241107,20241105,20241104下跌 20241105上涨 20241105热度排名前50 20241106上涨 20241107涨幅 主板 非ST
600811.SH,东方集团,66,66/5368,9313444.5,-9.44625407,1.07913669,9.96441281,10.03236246,2.77,2.74,2.82,3.3,2.76,2.61,2.76,3.18,3.05,2.93,3.09,3.4,20241107,20241105,20241104下跌 20241105上涨 20241105热度排名前50 20241106上涨 20241107涨幅 主板 非ST
600843.SH,上工申贝,68,68/5368,9190054.0,-9.98116761,1.0460251,4.83091787,-8.49242923,14.34,14.34,15.23,14.2,14.34,13.3,14.78,13.67,15.72,14.78,15.94,14.2,20241107,20241105,20241104下跌 20241105上涨 20241105热度排名前50 20241106上涨 20241107涨幅 主板 非ST
600536.SH,中国软件,78,78/5368,8453791.0,-2.19148936,10.006526,7.37591457,10.0,45.99,45.39,52.0,52.33,43.0,45.32,51.16,51.06,47.1,50.57,55.63,59.73,20241107,20241105,20241104下跌 20241105上涨 20241105热度排名前50 20241106上涨 20241107涨幅 主板 非ST
600520.SH,文一科技,96,96/5368,6668135.5,-10.00228885,1.3224822,1.48092369,-4.00692555,39.32,39.1,39.84,39.55,39.32,37.35,39.22,36.42,41.98,40.51,41.56,39.64,20241107,20241105,20241104下跌 20241105上涨 20241105热度排名前50 20241106上涨 20241107涨幅 主板 非ST
002570.SZ,贝因美,133,133/5368,4769894.5,-9.765625,3.8961039,3.75,5.22088353,4.62,4.6,4.79,4.81,4.61,4.6,4.66,4.81,4.88,4.99,5.05,5.39,20241107,20241105,20241104下跌 20241105上涨 20241105热度排名前50 20241106上涨 20241107涨幅 主板 非ST
603883.SH,老百姓,90,90/5368,7294595.5,-1.02827763,5.35064935,2.36686391,-5.15414258,19.45,19.25,19.8,20.41,18.67,19.05,19.44,19.52,20.2,21.18,21.68,20.55,20241108,20241106,20241105下跌 20241106上涨 20241106热度排名前50 20241107上涨 20241108涨幅 主板 非ST
600839.SH,四川长虹,4,4/5370,61726401.5,-8.24670825,0.1510574,1.35746606,-3.42261905,14.3,12.85,13.27,13.0,13.0,12.0,12.65,12.66,14.3,13.91,13.88,13.22,20241111,20241107,20241106下跌 20241107上涨 20241107热度排名前50 20241108上涨 20241111涨幅 主板 非ST
000100.SZ,TCL科技,26,26/5370,19188040.0,-3.02457467,0.38986355,1.74757282,2.09923664,5.3,5.03,5.2,5.24,5.11,4.95,5.12,5.13,5.34,5.18,5.35,5.39,20241111,20241107,20241106下跌 20241107上涨 20241107热度排名前50 20241108上涨 20241111涨幅 主板 非ST
002717.SZ,岭南股份,47,47/5370,12184463.0,-4.44444444,9.96677741,0.60422961,-6.00600601,3.16,2.95,3.56,3.2,3.0,2.75,3.3,3.06,3.16,3.31,3.6,3.3,20241111,20241107,20241106下跌 20241107上涨 20241107热度排名前50 20241108上涨 20241111涨幅 主板 非ST
000016.SZ,深康佳A,54,54/5370,11437298.5,-8.88252149,0.31446541,0.47021944,-5.30421217,6.78,6.24,6.19,6.21,6.29,5.72,6.09,6.06,6.98,6.73,6.67,6.39,20241111,20241107,20241106下跌 20241107上涨 20241107热度排名前50 20241108上涨 20241111涨幅 主板 非ST
600705.SH,中航产融,74,74/5370,8724445.0,-5.73248408,9.90990991,0.20491803,-0.61349693,4.73,4.3,5.2,4.86,4.4,4.26,4.75,4.78,4.78,4.88,5.2,5.07,20241111,20241107,20241106下跌 20241107上涨 20241107热度排名前50 20241108上涨 20241111涨幅 主板 非ST
000799.SZ,酒鬼酒,107,107/5370,6850513.5,-0.05671078,10.0056743,6.01788171,0.71359066,52.83,52.5,61.98,60.0,52.0,52.3,60.5,59.82,54.0,58.16,63.9,63.12,20241111,20241107,20241106下跌 20241107上涨 20241107热度排名前50 20241108上涨 20241111涨幅 主板 非ST
000958.SZ,电投产融,110,110/5370,6653459.0,-9.67391304,1.32370638,2.85035629,-3.926097,8.95,8.1,8.42,8.74,8.28,8.02,8.21,8.04,9.06,8.75,9.13,8.74,20241111,20241107,20241106下跌 20241107上涨 20241107热度排名前50 20241108上涨 20241111涨幅 主板 非ST
000977.SZ,浪潮信息,128,128/5370,5915530.0,-2.21285564,1.31465517,9.99787279,5.82092439,47.6,45.78,47.58,53.9,46.0,45.25,47.55,52.8,47.7,47.18,51.71,56.88,20241111,20241107,20241106下跌 20241107上涨 20241107热度排名前50 20241108上涨 20241111涨幅 主板 非ST
002654.SZ,万润科技,150,150/5370,5188820.5,-4.61538462,1.74731183,1.98150594,6.80051813,15.11,14.55,15.13,15.68,14.71,14.51,15.13,15.36,15.39,15.39,15.8,16.89,20241111,20241107,20241106下跌 20241107上涨 20241107热度排名前50 20241108上涨 20241111涨幅 主板 非ST
001696.SZ,宗申动力,38,38/5371,14325575.5,-9.96852046,2.99145299,3.3949453,-1.64173659,27.0,25.55,26.0,27.58,25.73,25.54,25.16,26.6,27.36,27.36,27.43,28.18,20241112,20241108,20241107下跌 20241108上涨 20241108热度排名前50 20241111上涨 20241112涨幅 主板 非ST
002085.SZ,万丰奥威,40,40/5371,13753547.5,-8.80764437,1.64009112,5.33393097,-2.76595745,23.0,21.4,22.31,24.5,21.7,21.37,21.88,22.64,23.35,23.2,23.8,24.55,20241112,20241108,20241107下跌 20241108上涨 20241108热度排名前50 20241111上涨 20241112涨幅 主板 非ST
002261.SZ,拓维信息,42,42/5371,13249678.0,-1.40562249,3.13645621,1.10584518,-3.046875,24.3,24.6,25.32,25.61,23.48,24.59,24.75,24.53,25.55,26.2,26.26,25.73,20241112,20241108,20241107下跌 20241108上涨 20241108热度排名前50 20241111上涨 20241112涨幅 主板 非ST
601360.SH,三六零,57,57/5371,10223051.5,-2.61927035,4.13064361,8.02583026,-3.58667805,10.32,10.6,10.7,11.72,10.05,10.46,10.66,11.13,10.48,11.45,11.92,11.97,20241112,20241108,20241107下跌 20241108上涨 20241108热度排名前50 20241111上涨 20241112涨幅 主板 非ST
600895.SH,张江高科,63,63/5371,9476508.0,-3.32548558,0.0304414,6.81679854,-1.11111111,32.78,34.0,33.88,34.05,31.57,32.8,33.46,33.62,33.66,34.56,36.15,37.74,20241112,20241108,20241107下跌 20241108上涨 20241108热度排名前50 20241111上涨 20241112涨幅 主板 非ST
002625.SZ,光启技术,69,69/5371,8596917.5,-4.06315789,7.24160632,1.18682218,-1.9413549,46.73,45.66,50.05,49.45,44.72,45.66,48.0,47.37,48.14,49.9,50.58,50.28,20241112,20241108,20241107下跌 20241108上涨 20241108热度排名前50 20241111上涨 20241112涨幅 主板 非ST
002185.SZ,华天科技,72,72/5371,8339621.5,-0.90497738,0.456621,8.03030303,-3.71669004,13.06,13.24,13.38,14.3,12.86,13.13,13.34,13.55,13.38,13.6,14.52,14.34,20241112,20241108,20241107下跌 20241108上涨 20241108热度排名前50 20241111上涨 20241112涨幅 主板 非ST
000938.SZ,紫光股份,88,88/5371,7235432.5,-0.47759001,4.13436693,8.43672457,-5.62275253,26.79,27.5,27.7,29.88,26.1,27.2,27.58,28.33,27.19,29.7,31.03,29.92,20241112,20241108,20241107下跌 20241108上涨 20241108热度排名前50 20241111上涨 20241112涨幅 主板 非ST
603887.SH,城地香江,95,95/5371,6890971.5,-5.63660477,9.97891778,0.63897764,5.65079365,14.67,14.23,15.8,15.6,13.99,14.19,14.81,15.39,15.0,15.65,16.44,17.33,20241112,20241108,20241107下跌 20241108上涨 20241108热度排名前50 20241111上涨 20241112涨幅 主板 非ST
600418.SH,江淮汽车,96,96/5371,6858860.0,-0.41242115,2.26552984,9.3377799,0.21786492,40.42,41.84,42.6,46.5,39.04,41.56,41.68,44.99,41.34,43.5,46.12,47.28,20241112,20241108,20241107下跌 20241108上涨 20241108热度排名前50 20241111上涨 20241112涨幅 主板 非ST
600520.SH,文一科技,101,101/5371,6454800.5,-4.00692555,7.54960062,9.99041687,-2.41777391,39.55,39.0,43.99,46.5,36.42,38.72,42.18,43.94,39.64,42.65,45.91,49.48,20241112,20241108,20241107下跌 20241108上涨 20241108热度排名前50 20241111上涨 20241112涨幅 主板 非ST
600198.SH,大唐电信,137,137/5371,5129294.5,-1.40495868,4.52640402,3.04731355,-4.28015564,12.0,12.02,12.48,12.68,11.67,12.02,12.15,12.15,12.32,12.71,13.13,12.68,20241112,20241108,20241107下跌 20241108上涨 20241108热度排名前50 20241111上涨 20241112涨幅 主板 非ST
000062.SZ,深圳华强,140,140/5371,5075093.0,-1.35860979,2.43433696,3.28330206,2.48259158,31.18,31.25,32.1,33.06,29.8,31.24,32.0,32.0,31.28,32.49,33.32,34.58,20241112,20241108,20241107下跌 20241108上涨 20241108热度排名前50 20241111上涨 20241112涨幅 主板 非ST
601012.SH,隆基绿能,142,142/5371,5061628.0,-0.15616866,0.26068822,4.10816433,0.3996004,18.71,19.25,19.08,20.07,18.39,19.11,19.03,19.91,19.19,19.75,20.18,21.17,20241112,20241108,20241107下跌 20241108上涨 20241108热度排名前50 20241111上涨 20241112涨幅 主板 非ST
002892.SZ,科力尔,144,144/5371,5037075.0,-2.84331518,10.0249066,2.6598755,-5.12679162,17.29,17.67,17.5,18.63,15.44,17.67,16.8,16.33,17.8,17.67,19.0,18.89,20241112,20241108,20241107下跌 20241108上涨 20241108热度排名前50 20241111上涨 20241112涨幅 主板 非ST
600171.SH,上海贝岭,38,38/5371,14868330.0,-1.57218778,0.76490439,3.46059388,-3.60379801,45.2,43.95,44.1,45.78,44.0,43.92,43.1,43.71,46.8,46.0,47.94,45.78,20241113,20241111,20241108下跌 20241111上涨 20241111热度排名前50 20241112上涨 20241113涨幅 主板 非ST
002460.SZ,赣锋锂业,88,88/5371,7750845.0,-0.35981179,10.0,5.93434343,6.03098927,36.85,36.0,40.5,43.21,35.9,35.91,40.39,41.18,37.89,39.6,43.56,44.74,20241113,20241111,20241108下跌 20241111上涨 20241111热度排名前50 20241112上涨 20241113涨幅 主板 非ST
601136.SH,首创证券,104,104/5371,6984566.0,-4.0,4.75589226,0.84371233,2.62948207,25.49,23.47,24.6,24.94,23.65,23.38,24.25,24.85,25.5,26.14,25.5,26.99,20241113,20241111,20241108下跌 20241111上涨 20241111热度排名前50 20241112上涨 20241113涨幅 主板 非ST
002600.SZ,领益智造,118,118/5371,6381332.0,-0.69124424,3.94431555,1.22767857,5.73318633,8.73,8.54,8.9,8.95,8.59,8.45,8.85,8.62,8.93,9.1,9.41,9.59,20241113,20241111,20241108下跌 20241111上涨 20241111热度排名前50 20241112上涨 20241113涨幅 主板 非ST
600611.SH,大众交通,122,122/5371,6266969.0,-1.52008686,0.44101433,9.98902305,-3.99201597,9.21,8.99,9.3,9.9,9.05,8.8,9.22,9.52,9.38,9.12,10.02,10.04,20241113,20241111,20241108下跌 20241111上涨 20241111热度排名前50 20241112上涨 20241113涨幅 主板 非ST
000564.SZ,供销大集,14,14/5371,24366233.0,-4.86111111,9.8540146,9.96677741,-9.06344411,2.79,2.68,3.16,3.28,2.59,2.51,3.04,2.98,3.16,3.01,3.31,3.36,20241114,20241112,20241111下跌 20241112上涨 20241112热度排名前50 20241113上涨 20241114涨幅 主板 非ST
603366.SH,日出东方,44,44/5371,12563073.5,-8.08926081,10.01517451,10.06896552,10.02506266,7.17,6.29,7.15,8.3,6.52,6.0,6.95,8.18,7.7,7.25,7.98,8.78,20241114,20241112,20241111下跌 20241112上涨 20241112热度排名前50 20241113上涨 20241114涨幅 主板 非ST
002232.SZ,启明信息,115,115/5371,5996083.0,-0.04512635,10.02257336,10.01231022,3.39425587,21.97,22.16,24.36,26.81,21.49,22.16,22.86,25.0,22.55,24.37,26.81,29.49,20241114,20241112,20241111下跌 20241112上涨 20241112热度排名前50 20241113上涨 20241114涨幅 主板 非ST
600050.SH,中国联通,45,45/5371,11828347.5,-2.49042146,7.26915521,0.18315018,6.21572212,5.21,5.05,5.32,5.4,5.07,5.05,5.26,5.4,5.21,5.6,5.7,6.02,20241115,20241113,20241112下跌 20241113上涨 20241113热度排名前50 20241114上涨 20241115涨幅 主板 非ST
002657.SZ,中科金财,76,76/5371,8297643.5,-5.18774704,10.00521105,9.99526291,9.99138674,20.22,19.2,22.39,25.54,18.8,19.2,22.06,25.54,20.49,21.11,23.22,25.54,20241115,20241113,20241112下跌 20241113上涨 20241113热度排名前50 20241114上涨 20241115涨幅 主板 非ST
600654.SH,中安科,93,93/5371,6730074.5,-3.27868852,9.88700565,10.02570694,10.04672897,4.03,3.65,4.25,4.3,3.45,3.64,4.03,4.1,4.03,3.89,4.28,4.71,20241115,20241113,20241112下跌 20241113上涨 20241113热度排名前50 20241114上涨 20241115涨幅 主板 非ST
600629.SH,华建集团,97,97/5371,6477910.5,-4.88346282,10.03500583,9.96818664,-7.61812922,8.89,9.26,9.0,10.0,8.47,8.88,8.9,9.58,9.17,9.43,10.37,11.32,20241115,20241113,20241112下跌 20241113上涨 20241113热度排名前50 20241114上涨 20241115涨幅 主板 非ST
